user_id,最近购买间隔,购买频次,消费金额,churn,流失概率,风险等级
0364,52,1,17.33,1,0.996,高
0478,50,1,26.22,1,0.9953,高
0892,39,1,148.67,1,0.9936,高
0428,51,1,26.7,1,0.993,高
0479,50,1,44.400000000000006,1,0.9925,高
0945,38,1,34.370000000000005,1,0.9905,高
0806,42,1,25.1,1,0.9904,高
0494,50,1,25.380000000000003,1,0.9901,高
0430,51,1,41.8,1,0.9898,高
1116,31,1,93.00999999999999,1,0.9896,高
1551,12,1,63.4,1,0.9895,高
0427,51,1,46.33,1,0.9894,高
1067,33,1,89.96000000000001,1,0.9892,高
1400,18,1,99.87,1,0.9886,高
0505,49,1,17.45,1,0.9882,高
0802,42,1,26.5,1,0.9877,高
1577,11,1,113.4,1,0.9874,高
0272,54,1,89.1,1,0.9873,高
0399,52,1,185.65,1,0.9869,高
0358,52,1,45.81,1,0.9867,高
0486,50,1,167.67000000000002,1,0.9861,高
0319,53,1,7.050000000000001,1,0.9855,高
1505,13,1,65.4,1,0.9854,高
0764,43,1,50.1,0,0.9854,高
1408,18,1,76.03,1,0.9851,高
0449,51,1,17.1,1,0.9849,高
1578,11,1,27.06,1,0.9836,高
0314,38,3,76.13,1,0.9829,高
0949,38,1,30.5,1,0.9825,高
1533,12,1,298.5,1,0.9823,高
1034,34,1,31.310000000000002,1,0.9821,高
0735,35,2,51.239999999999995,1,0.982,高
0536,49,1,26.9,1,0.9818,高
0416,51,1,200.67,1,0.9818,高
1360,20,1,71.3,1,0.9809,高
0230,55,1,154.3,1,0.9802,高
1650,9,1,68.9,1,0.9797,高
1689,5,1,30.0,1,0.9796,高
0715,44,1,26.700000000000003,1,0.9794,高
1547,12,1,57.9,1,0.9793,高
1151,31,1,32.74,1,0.9792,高
0565,48,1,31.400000000000002,1,0.979,高
0852,40,1,53.599999999999994,1,0.9789,高
1225,27,1,24.14,1,0.9787,高
1434,17,1,189.13,1,0.9781,高
1075,33,1,98.72,1,0.9779,高
0252,54,1,65.1,1,0.9774,高
0420,51,1,22.79,1,0.9773,高
1289,25,1,31.9,1,0.977,高
0137,56,1,57.83,1,0.9768,高
0195,55,1,20.33,1,0.9765,高
0921,38,1,54.800000000000004,0,0.9763,高
1496,13,1,116.86,1,0.9763,高
1029,35,1,92.69999999999999,1,0.9763,高
0128,50,2,94.1,1,0.9762,高
0283,54,1,51.8,1,0.9762,高
0033,58,1,219.70000000000002,1,0.9757,高
0920,38,1,34.9,1,0.9755,高
0855,40,1,53.3,1,0.9755,高
0602,47,1,50.59,1,0.9754,高
0958,38,1,122.76,1,0.9751,高
1250,27,1,23.19,1,0.9747,高
1359,20,1,175.48,1,0.9745,高
0468,33,2,74.67,1,0.974,高
1035,15,2,225.24,1,0.9733,高
0742,38,2,53.03,1,0.9732,高
1550,12,1,120.0,1,0.9731,高
0567,48,1,18.6,1,0.9729,高
1514,12,1,99.59,1,0.9728,高
1404,18,1,98.5,1,0.9726,高
1245,27,1,141.8,1,0.9724,高
0473,50,1,54.95,1,0.9724,高
1320,22,1,96.44,1,0.9722,高
0776,43,1,16.990000000000002,1,0.9719,高
1033,34,1,95.3,1,0.9719,高
0561,48,1,35.72,1,0.9717,高
0351,36,2,91.5,1,0.9715,高
1520,12,1,264.97,1,0.9715,高
1611,10,1,259.4,1,0.9712,高
0498,17,2,122.8,1,0.9712,高
0552,48,1,74.13,1,0.9709,高
1005,36,1,92.24,1,0.9705,高
0407,52,1,38.699999999999996,1,0.9704,高
0379,52,1,31.27,1,0.9702,高
0944,38,1,95.2,1,0.9701,高
1076,33,1,121.69,1,0.9697,高
0208,37,2,54.7,1,0.9696,高
1338,21,1,41.699999999999996,1,0.9695,高
0856,40,1,27.02,1,0.9694,高
1328,22,1,32.7,1,0.9694,高
1476,15,1,206.66,0,0.9693,高
0302,44,2,50.2,1,0.9693,高
1169,30,1,124.0,1,0.9687,高
0825,41,1,119.72,1,0.9682,高
1440,17,1,23.5,1,0.9682,高
1438,17,1,163.3,1,0.9681,高
1659,7,1,157.8,1,0.9677,高
1156,31,1,46.5,1,0.9675,高
1000,36,1,111.44,1,0.9668,高
1652,8,1,97.69999999999999,1,0.9667,高
0248,54,1,171.07999999999998,1,0.9666,高
0030,58,1,53.02,1,0.9663,高
1148,31,1,16.43,1,0.9662,高
0239,55,1,18.5,1,0.966,高
1415,18,1,20.3,1,0.9659,高
1710,4,1,31.86,1,0.9658,高
0089,57,1,26.5,1,0.9658,高
1526,12,1,53.4,1,0.9656,高
0370,52,1,51.07,1,0.9654,高
1341,21,1,16.8,1,0.9651,高
0225,55,1,32.0,1,0.9645,高
0708,44,1,59.61,1,0.9645,高
1645,9,1,122.0,1,0.9638,高
1184,29,1,82.58,1,0.9636,高
1485,15,1,36.8,1,0.9634,高
0545,48,1,69.08,1,0.9633,高
1711,4,1,71.3,1,0.9632,高
1115,31,1,21.200000000000003,1,0.9629,高
0864,40,1,26.6,1,0.9627,高
1626,10,1,34.0,1,0.9625,高
1312,22,1,17.959999999999997,1,0.9624,高
1356,20,1,54.63,1,0.9624,高
0219,55,1,18.4,0,0.962,高
0710,44,1,90.2,1,0.9613,高
1504,13,1,117.7,1,0.9613,高
1410,18,1,8.95,1,0.9609,高
0069,57,1,88.3,1,0.9608,高
0888,40,1,31.199999999999996,1,0.9606,高
0080,57,1,199.4,1,0.9605,高
1665,7,1,147.72,1,0.9603,高
1691,5,1,190.7,1,0.9602,高
1490,15,1,94.0,0,0.9599,高
1517,12,1,249.5,1,0.9598,高
1048,34,1,98.4,1,0.9596,高
1704,4,1,106.8,1,0.9594,高
0359,52,1,30.22,1,0.9589,高
1549,12,1,106.2,1,0.9581,高
0292,53,1,18.35,0,0.9581,高
0111,57,1,17.85,0,0.9578,高
1664,7,1,36.08,1,0.9576,高
0734,44,1,21.79,1,0.9574,高
1193,29,1,21.46,1,0.9572,高
1149,31,1,16.19,1,0.957,高
1461,16,1,34.230000000000004,1,0.957,高
0116,57,1,112.6,1,0.9568,高
0098,57,1,22.700000000000003,1,0.9567,高
0401,52,1,49.42,1,0.9566,高
1481,15,1,30.700000000000003,1,0.9566,高
0935,38,1,189.9,1,0.9565,高
0299,35,2,156.5,1,0.9564,高
0178,56,1,20.200000000000003,1,0.9564,高
0702,35,2,49.29,1,0.9561,高
0691,45,1,72.25,1,0.9556,高
0138,56,1,31.78,1,0.9555,高
1407,18,1,16.63,1,0.9555,高
1259,26,1,37.8,1,0.9551,高
0781,42,1,25.16,1,0.9551,高
0823,41,1,113.84,1,0.955,高
1515,12,1,51.71,1,0.9547,高
0652,46,1,24.3,1,0.9544,高
1429,17,1,55.0,1,0.9539,高
1039,34,1,153.2,1,0.9534,高
0422,51,1,2.89,1,0.9533,高
0410,52,1,21.299999999999997,1,0.9531,高
1195,29,1,5.6,1,0.9531,高
0585,48,1,3.29,1,0.953,高
1053,18,2,166.49,0,0.9528,高
1499,13,1,162.9,1,0.9527,高
1473,15,1,319.0,1,0.9524,高
0217,34,3,77.24,1,0.9517,高
1657,8,1,32.9,1,0.9517,高
0472,22,2,109.5,1,0.9515,高
0202,55,1,30.6,1,0.9513,高
0880,27,2,57.3,1,0.9512,高
1093,32,1,621.99,1,0.9512,高
1592,10,1,145.14000000000001,1,0.951,高
0714,26,2,22.63,1,0.9505,高
0940,38,1,51.260000000000005,1,0.9504,高
0967,37,1,38.9,1,0.9501,高
1411,18,1,25.1,1,0.9501,高
1510,12,1,116.80000000000001,1,0.9501,高
1738,2,1,248.1,1,0.95,高
1248,27,1,12.16,1,0.9498,高
1428,17,1,37.7,1,0.9494,高
1573,11,1,237.86,1,0.949,高
1273,25,1,58.6,1,0.9489,高
0631,46,1,16.86,1,0.9489,高
0296,53,1,55.86,1,0.9489,高
0840,41,1,61.13,1,0.9487,高
1021,35,1,74.32,1,0.9485,高
1207,28,1,31.14,1,0.9483,高
0848,40,1,23.61,1,0.948,高
1713,4,1,20.9,1,0.9479,高
1430,17,1,21.17,1,0.9474,高
1307,23,1,25.51,1,0.9474,高
0518,49,1,125.5,1,0.9473,高
1322,22,1,48.0,1,0.9473,高
0184,52,2,56.69,1,0.9473,高
0305,37,2,34.2,1,0.9472,高
1141,31,1,18.700000000000003,1,0.9472,高
1750,2,1,25.4,1,0.9469,高
1381,19,1,260.0,1,0.9468,高
1630,10,1,240.84,1,0.9466,高
1392,19,1,24.939999999999998,1,0.9466,高
1370,20,1,57.730000000000004,1,0.9465,高
0662,36,3,171.59,1,0.9462,高
0832,41,1,154.68,1,0.9457,高
0686,45,1,68.92,1,0.9457,高
1534,12,1,255.0,1,0.945,高
0377,18,7,828.73,1,0.9448,高
1313,22,1,38.73,1,0.9447,高
0366,52,1,3.25,1,0.9444,高
0011,58,1,50.300000000000004,1,0.9444,高
0655,46,1,22.9,1,0.9442,高
1680,6,1,53.3,1,0.9439,高
1159,31,1,33.9,1,0.9439,高
1065,20,2,83.59,0,0.9438,高
0257,54,1,8.67,1,0.9433,高
1126,13,2,174.77,1,0.9433,高
0234,55,1,16.5,1,0.9432,高
1396,18,1,80.56,1,0.9429,高
1500,13,1,190.5,1,0.9428,高
0981,37,1,26.15,1,0.9427,高
1251,27,1,33.9,1,0.9424,高
0841,40,2,916.44,1,0.942,高
1197,26,2,22.740000000000002,1,0.9419,高
1253,27,1,23.8,1,0.9419,高
1615,10,1,118.0,1,0.9418,高
1241,27,1,80.69999999999999,1,0.9417,高
0131,56,1,152.5,1,0.9416,高
1134,31,1,23.6,1,0.9411,高
0744,43,1,21.77,1,0.9407,高
0455,51,1,21.8,1,0.9407,高
0245,54,1,21.53,1,0.9405,高
0322,53,1,16.81,1,0.9402,高
1242,27,1,33.61,1,0.94,高
1564,11,1,90.23,1,0.9399,高
0254,54,1,23.7,1,0.9397,高
1375,19,1,165.4,1,0.9393,高
0990,34,2,53.74,1,0.9389,高
0560,40,2,142.42,1,0.9388,高
0794,42,1,82.57,1,0.9386,高
0293,53,1,42.24,1,0.9386,高
0810,28,2,77.3,1,0.9385,高
1229,27,1,99.0,1,0.9384,高
0419,51,1,27.9,0,0.9383,高
0022,58,1,93.78999999999999,1,0.9381,高
1079,10,2,71.9,1,0.9381,高
1635,10,1,33.2,1,0.9381,高
1379,19,1,38.21,1,0.9378,高
1406,18,1,35.97,1,0.9377,高
1614,10,1,617.7,1,0.9374,高
0158,56,1,21.9,1,0.9372,高
0282,54,1,23.2,1,0.9372,高
0384,52,1,32.5,1,0.9371,高
1297,12,2,111.77999999999999,1,0.937,高
0929,38,1,79.84,1,0.9368,高
1575,11,1,35.2,0,0.9364,高
1539,12,1,50.5,1,0.9361,高
1483,15,1,28.9,1,0.936,高
0818,27,2,97.8,1,0.936,高
0504,46,2,20.34,1,0.9357,高
0148,56,1,31.799999999999997,1,0.9352,高
1090,32,1,25.009999999999998,1,0.9351,高
1337,21,1,85.97,1,0.9351,高
1642,10,1,58.8,1,0.9351,高
1583,11,1,60.6,1,0.935,高
0362,52,1,164.6,1,0.935,高
0446,51,1,37.2,1,0.9349,高
1686,6,1,100.8,1,0.9347,高
1416,18,1,5.3,1,0.9347,高
1373,19,1,152.6,1,0.9342,高
1032,35,1,58.8,1,0.934,高
1594,10,1,1563.9,1,0.9339,高
0463,50,1,76.9,1,0.9338,高
0966,37,1,80.4,1,0.9333,高
1349,17,2,50.64,1,0.9332,高
1223,28,1,22.9,0,0.9331,高
1587,11,1,205.8,1,0.9324,高
1384,19,1,126.72,1,0.9323,高
0760,43,1,23.83,1,0.9321,高
0045,58,1,12.5,1,0.9321,高
0035,58,1,80.92,1,0.932,高
1112,32,1,105.4,1,0.932,高
0724,44,1,100.94,1,0.9318,高
1057,34,1,21.96,1,0.9318,高
1299,23,1,44.47,1,0.9316,高
1744,2,1,34.3,1,0.9314,高
1101,32,1,157.9,1,0.9314,高
1383,19,1,47.1,1,0.9313,高
1530,12,1,113.77,1,0.9308,高
1140,17,2,233.05,0,0.9306,高
0586,48,1,109.9,1,0.9303,高
1060,34,1,58.8,1,0.9302,高
0884,40,1,58.41,1,0.9301,高
1237,27,1,212.98,1,0.9295,高
1142,31,1,17.68,1,0.9295,高
1132,31,1,50.1,1,0.9294,高
1676,6,1,81.24000000000001,0,0.9291,高
0720,44,1,23.4,1,0.9291,高
0263,54,1,18.62,1,0.929,高
0743,22,2,75.3,1,0.9287,高
1448,17,1,491.4,1,0.9285,高
0821,41,1,23.68,1,0.928,高
1502,13,1,90.81,1,0.9274,高
1146,31,1,22.28,0,0.9274,高
1412,18,1,50.2,1,0.9273,高
1425,17,1,72.05,0,0.9273,高
1582,11,1,319.0,1,0.9273,高
1157,31,1,56.0,1,0.9268,高
1532,12,1,53.3,1,0.9267,高
0291,53,1,77.59,1,0.9263,高
0023,58,1,16.2,1,0.9259,高
1621,10,1,34.96,1,0.9255,高
0192,55,1,19.5,1,0.9252,高
0960,37,1,23.2,1,0.9251,高
1636,10,1,63.8,1,0.9251,高
1401,18,1,9.7,1,0.9247,高
0393,52,1,53.13,1,0.9247,高
0477,37,3,80.19,1,0.9247,高
0123,57,1,42.57,1,0.9246,高
0713,34,2,54.010000000000005,0,0.9246,高
1089,33,1,58.8,1,0.9244,高
0793,42,1,26.300000000000004,1,0.9242,高
1669,6,1,91.5,1,0.9241,高
1542,12,1,132.1,0,0.9241,高
1698,5,1,8.98,1,0.9241,高
0822,41,1,19.68,1,0.9238,高
1147,31,1,52.4,1,0.9236,高
1208,28,1,3.9,1,0.9236,高
1618,10,1,45.199999999999996,1,0.9236,高
1324,22,1,99.4,1,0.9235,高
1189,29,1,10.9,1,0.9233,高
0101,57,1,21.9,1,0.9232,高
1218,28,1,7.630000000000001,1,0.9223,高
1632,10,1,182.4,1,0.9223,高
0154,56,1,53.82000000000001,1,0.9221,高
0391,52,1,56.07,1,0.922,高
0993,21,2,112.03999999999999,1,0.9219,高
1267,26,1,6.5,1,0.9218,高
1660,7,1,10.8,1,0.9216,高
0961,37,1,8.7,1,0.9212,高
0667,42,2,144.7,1,0.9212,高
0460,50,1,90.6,1,0.9212,高
1040,34,1,91.3,1,0.9205,高
0737,39,2,113.79,1,0.9204,高
0529,27,4,101.45,1,0.9203,高
0579,15,4,104.92999999999999,1,0.9197,高
0414,52,1,20.8,1,0.9194,高
0985,36,1,308.3,1,0.9193,高
0580,48,1,9.2,1,0.919,高
0173,18,2,127.0,1,0.9184,高
0946,38,1,36.77,1,0.9182,高
0363,52,1,27.7,1,0.918,高
0528,47,2,53.56,1,0.9177,高
0899,39,1,23.3,0,0.9176,高
1317,22,1,16.15,1,0.9172,高
0938,38,1,28.08,1,0.9172,高
1763,1,1,118.8,1,0.9171,高
0349,33,3,74.47,1,0.917,高
1182,30,1,6.7,1,0.9168,高
1714,4,1,38.9,1,0.9164,高
0909,17,2,163.7,1,0.9164,高
0951,35,2,81.46000000000001,1,0.9163,高
1709,4,1,32.9,1,0.9159,高
0312,53,1,188.8,1,0.9156,高
1644,9,1,56.54,1,0.915,高
1062,33,1,79.01,1,0.915,高
1073,26,2,105.95,1,0.9146,高
1477,15,1,34.0,1,0.9142,高
1214,28,1,148.79999999999998,1,0.914,高
0475,50,1,4.7,1,0.9138,高
0360,52,1,25.43,1,0.9137,高
0700,45,1,94.81,1,0.9131,高
0535,49,1,146.2,1,0.913,高
1588,11,1,246.0,1,0.9128,高
0141,56,1,35.72,1,0.9127,高
0633,46,1,18.5,1,0.9126,高
1494,15,1,39.8,1,0.9124,高
1557,11,1,348.6,1,0.9122,高
0762,43,1,8.78,1,0.912,高
0295,53,1,20.6,1,0.9116,高
0323,53,1,45.5,1,0.9116,高
1426,17,1,83.71,1,0.9113,高
0699,45,1,72.0,1,0.9112,高
1294,25,1,20.4,1,0.9112,高
1150,28,2,187.88,1,0.9102,高
0492,50,1,70.66,0,0.9102,高
0584,32,2,65.8,1,0.91,高
0214,55,1,134.0,1,0.9098,高
1637,10,1,117.0,1,0.9097,高
1771,0,1,5.3,1,0.9097,高
0826,26,2,50.15,1,0.9088,高
1479,15,1,76.39,1,0.9087,高
1244,27,1,44.6,0,0.9081,高
1366,20,1,17.8,1,0.908,高
1601,10,1,61.040000000000006,1,0.9079,高
0555,48,1,55.0,1,0.9079,高
0324,53,1,8.5,1,0.9078,高
1620,10,1,61.3,1,0.9074,高
0813,42,1,6.74,1,0.9074,高
0054,58,1,54.29,1,0.9073,高
0100,57,1,44.72,1,0.9073,高
0072,18,6,935.53,1,0.9067,高
1463,11,2,499.6,1,0.9066,高
0276,41,2,36.04,1,0.9063,高
0798,42,1,2.96,1,0.9063,高
1202,0,2,245.56,1,0.9052,高
1224,28,1,22.4,0,0.9047,高
0854,12,2,52.2,1,0.9046,高
1417,17,1,18.41,1,0.9045,高
0160,27,2,125.62,1,0.9043,高
1084,33,1,15.82,1,0.904,高
1154,31,1,29.97,1,0.9035,高
1052,34,1,22.06,1,0.9034,高
0557,16,3,112.3,1,0.9032,高
1166,30,1,38.88,1,0.9032,高
0448,51,1,10.9,1,0.9024,高
1729,3,1,36.2,1,0.9023,高
0285,54,1,12.59,1,0.9022,高
1269,23,2,79.69,1,0.9021,高
0815,42,1,10.4,1,0.902,高
1306,23,1,46.95,0,0.9018,高
0583,48,1,7.9,1,0.9017,高
1633,10,1,80.6,1,0.9011,高
1137,7,2,143.6,1,0.9011,高
1580,10,2,58.599999999999994,0,0.9011,高
1511,12,1,231.0,1,0.9008,高
0926,38,1,83.47999999999999,1,0.9006,高
1217,28,1,29.6,1,0.9005,高
1586,11,1,30.690000000000005,1,0.9004,高
1231,12,2,116.62,1,0.9002,高
0868,39,2,275.32,1,0.8999,高
0939,38,1,20.31,1,0.8998,高
0188,33,2,158.34,1,0.8997,高
1419,17,1,34.980000000000004,1,0.8995,高
0120,57,1,58.370000000000005,1,0.8992,高
1044,34,1,291.59000000000003,1,0.8989,高
0490,22,2,172.54,1,0.8988,高
1648,9,1,228.9,1,0.8986,高
0696,35,2,48.96,1,0.8986,高
1518,12,1,32.56,1,0.8983,高
1435,17,1,25.700000000000003,1,0.8981,高
0685,45,1,24.9,1,0.8978,高
1300,23,1,162.39,1,0.8976,高
0149,36,2,101.81,1,0.8975,高
0277,17,3,604.64,1,0.8972,高
1739,2,1,97.1,1,0.8966,高
0165,56,1,40.95,1,0.8963,高
0570,34,2,210.79999999999998,1,0.8951,高
0211,41,2,91.61,1,0.895,高
0937,37,2,25.1,1,0.8949,高
0027,57,2,81.59,1,0.8944,高
0452,51,1,19.9,1,0.8943,高
1014,35,1,54.9,1,0.8942,高
0124,39,2,23.96,1,0.8941,高
0059,45,2,13.84,1,0.8933,高
0009,46,2,80.4,1,0.893,高
0941,17,3,166.74,1,0.8927,高
1165,30,1,18.72,1,0.8926,高
1362,20,1,72.19,1,0.8923,高
0861,38,2,153.35,1,0.8918,高
0648,46,1,27.759999999999998,1,0.8917,高
1385,19,1,2475.4,1,0.8915,高
1350,19,2,19.310000000000002,1,0.8912,高
1007,22,8,292.25,1,0.8912,高
0571,48,1,79.4,1,0.8909,高
0197,52,2,293.06,1,0.8908,高
0361,25,2,149.7,1,0.8908,高
0747,43,1,118.9,1,0.8904,高
1260,26,1,20.43,1,0.8897,高
1355,20,1,43.36,0,0.8895,高
0083,50,2,89.85000000000001,1,0.8893,高
1183,29,1,8.3,1,0.8893,高
1423,12,2,258.9,1,0.8893,高
1746,2,1,52.9,1,0.8891,高
1120,17,2,178.58,1,0.8888,高
0259,39,2,120.73,1,0.8888,高
1377,19,1,24.8,1,0.8886,高
0942,38,1,118.26,1,0.8886,高
0216,48,3,91.10000000000001,1,0.8885,高
1519,12,1,85.66,1,0.8881,高
1527,12,1,17.9,1,0.8874,高
0613,0,3,508.78,1,0.8874,高
0467,50,1,88.6,1,0.8873,高
1600,10,1,161.82,1,0.8869,高
1487,15,1,106.8,1,0.8869,高
1597,10,1,26.24,1,0.8867,高
1238,27,1,68.72,1,0.8865,高
0705,45,1,55.68,1,0.8865,高
0912,39,1,20.5,1,0.8864,高
1593,10,1,50.620000000000005,1,0.8863,高
0403,41,2,210.59,0,0.8859,高
1566,11,1,404.7,1,0.8857,高
0896,29,3,227.66,1,0.8855,高
0749,29,3,118.47999999999999,1,0.8853,高
0097,57,1,7.11,1,0.8851,高
1690,5,1,24.6,1,0.8847,高
0768,43,1,40.01,1,0.8847,高
1702,4,1,37.8,1,0.8845,高
0029,58,1,20.5,1,0.8841,高
1437,17,1,6.97,1,0.8832,高
0638,46,1,8.8,1,0.8831,高
1431,17,1,129.2,1,0.8829,高
1325,12,6,217.46,1,0.8829,高
0641,46,1,14.8,1,0.8827,高
1753,1,1,39.01,1,0.8825,高
1446,17,1,15.2,1,0.8819,高
0356,52,1,53.62,1,0.8817,高
0161,56,1,27.28,1,0.8817,高
1666,7,1,138.3,1,0.8815,高
1556,11,1,248.01999999999998,1,0.8815,高
0549,1,2,108.88,1,0.8814,高
1372,7,2,60.13,0,0.881,高
0224,49,2,65.7,1,0.8808,高
0462,50,1,29.4,1,0.8798,高
0908,36,2,50.0,1,0.8794,高
0817,42,1,68.85,1,0.8791,高
1682,6,1,103.4,1,0.879,高
0063,57,2,35.07,1,0.8786,高
1143,31,1,14.1,1,0.8786,高
0957,34,2,69.44,1,0.8782,高
1353,7,2,190.2,1,0.8781,高
1010,17,4,239.43,1,0.878,高
1414,18,1,15.5,1,0.878,高
1394,18,1,16.45,1,0.877,高
1175,30,1,16.8,1,0.8765,高
1643,9,1,75.5,1,0.8761,高
0503,33,3,67.46000000000001,1,0.876,高
1447,4,2,70.75,1,0.8756,高
1180,30,1,35.5,1,0.8752,高
0680,25,2,101.39999999999999,1,0.8749,高
0426,51,1,43.480000000000004,1,0.8748,高
0194,55,1,46.44,1,0.8741,高
1038,34,1,10.94,1,0.873,高
0932,38,1,49.69,0,0.873,高
1536,12,1,24.07,1,0.8729,高
0340,53,1,105.0,1,0.8727,高
1766,0,1,205.39999999999998,1,0.8724,高
0543,11,2,58.699999999999996,1,0.8722,高
0872,40,1,27.83,1,0.8717,高
0634,16,3,168.6,1,0.8713,高
0995,28,2,72.16,1,0.8712,高
1658,7,1,97.60000000000001,1,0.871,高
0540,49,1,30.38,1,0.8704,高
1545,12,1,64.14,1,0.8702,高
1525,12,1,117.6,1,0.8701,高
1255,26,1,302.4,1,0.8697,高
0417,40,2,171.23,1,0.8694,高
1390,19,1,54.3,1,0.8692,高
1358,20,1,52.95,1,0.8683,高
0335,53,1,33.56,1,0.8682,高
0159,10,4,500.15,1,0.8682,高
0837,38,2,230.04000000000002,1,0.8678,高
0523,44,2,121.39999999999999,1,0.8676,高
1513,12,1,105.11,1,0.8674,高
1589,11,1,22.3,1,0.8673,高
0456,8,2,132.9,1,0.8671,高
1277,10,2,54.18,1,0.867,高
1121,31,1,64.36,1,0.8665,高
0079,54,3,26.89,1,0.8661,高
1422,17,1,6.9,1,0.8658,高
1484,15,1,139.2,1,0.8655,高
1745,2,1,41.5,1,0.8654,高
0930,38,1,22.39,1,0.8653,高
0674,45,1,148.8,1,0.8641,高
1693,5,1,33.93,1,0.8638,高
0222,55,1,14.919999999999998,1,0.8627,高
1503,13,1,162.39999999999998,1,0.862,高
1203,28,1,218.6,1,0.8618,高
0987,36,1,74.83,1,0.8616,高
0471,50,1,116.35,1,0.8614,高
1718,3,1,96.99,1,0.8612,高
0869,40,1,29.6,1,0.8606,高
1443,17,1,28.2,1,0.8601,高
1685,6,1,206.0,1,0.8598,高
0170,56,1,7.3,1,0.8594,高
0386,18,5,134.72,1,0.8593,高
1647,9,1,80.9,1,0.8585,高
1186,29,1,29.53,1,0.8585,高
0129,47,3,172.52,1,0.8585,高
0147,22,2,95.0,1,0.8571,高
0053,58,1,35.44,1,0.8566,高
1735,3,1,58.9,1,0.8564,高
1736,3,1,72.0,1,0.8562,高
1667,7,1,57.0,1,0.8559,高
1663,7,1,91.9,1,0.8557,高
1380,19,1,42.4,1,0.8557,高
0649,46,1,14.01,1,0.8553,高
1222,28,1,17.4,1,0.8548,高
1351,20,1,204.4,1,0.8547,高
1319,22,1,33.8,1,0.8544,高
0041,11,3,78.56,1,0.8537,高
1145,31,1,38.54,1,0.8534,高
0931,22,2,128.42000000000002,1,0.8534,高
0392,52,1,51.5,1,0.8534,高
0778,43,1,11.0,1,0.853,高
0175,55,2,106.60000000000001,1,0.8527,高
1508,6,3,149.69,1,0.8523,高
1467,16,1,110.0,1,0.8511,高
0606,47,1,10.35,1,0.8509,高
1604,10,1,88.2,1,0.8508,高
0502,50,1,48.22,1,0.8502,高
0521,49,1,70.78,1,0.85,高
1610,10,1,5.9,1,0.8499,高
1361,20,1,6.9,1,0.8498,高
0994,19,2,40.53,1,0.8492,高
0991,17,4,211.42999999999998,1,0.8489,高
1570,11,1,63.660000000000004,1,0.8486,高
0288,54,1,4.5,0,0.8481,高
1585,11,1,103.0,0,0.8477,高
1082,12,3,601.62,1,0.8474,高
0692,45,1,19.650000000000002,1,0.8471,高
1531,12,1,22.39,1,0.8469,高
0495,12,2,54.45,1,0.8468,高
0632,46,1,28.1,1,0.8468,高
1651,9,1,122.5,1,0.8466,高
1070,33,1,110.06,1,0.8463,高
0660,7,2,398.65999999999997,1,0.8455,高
1656,8,1,98.4,0,0.8449,高
0595,0,3,191.41,1,0.8446,高
1051,11,2,145.32999999999998,1,0.8444,高
1274,13,2,141.3,1,0.8443,高
1280,25,1,106.94000000000001,1,0.8443,高
0589,47,1,136.83,1,0.8441,高
0628,10,3,560.7,1,0.8439,高
1179,30,1,10.5,1,0.8435,高
1495,13,1,209.57,0,0.8432,高
0739,10,3,334.23,1,0.8427,高
0882,40,1,20.94,1,0.842,高
0688,45,1,73.8,1,0.842,高
1624,10,1,177.0,1,0.8418,高
0520,13,3,606.5,1,0.8417,高
1641,10,1,3.9,0,0.8417,高
0394,32,2,140.2,1,0.8414,高
1617,10,1,17.54,1,0.8412,高
0663,45,1,16.69,1,0.8404,高
1329,22,1,136.8,1,0.84,高
1543,12,1,180.8,1,0.8391,高
0424,36,4,208.59,1,0.8383,高
0018,58,1,32.44,1,0.8378,高
0919,32,2,74.6,1,0.836,高
1131,11,2,139.91,1,0.836,高
0607,44,2,118.47999999999999,1,0.8355,高
1340,21,1,34.51,1,0.8353,高
0541,49,1,19.3,1,0.8346,高
1006,36,1,20.3,1,0.8336,高
0493,50,1,17.259999999999998,1,0.8332,高
0587,18,3,112.94,1,0.8328,高
1607,10,1,20.8,1,0.8315,高
1110,32,1,26.020000000000003,1,0.8311,高
0559,17,2,109.99,1,0.8305,高
1066,33,1,59.730000000000004,1,0.8305,高
1523,12,1,231.95,1,0.8305,高
1022,35,1,46.3,1,0.83,高
0767,43,1,18.64,1,0.83,高
0812,7,5,140.29,1,0.8298,高
1529,12,1,168.8,1,0.8296,高
0894,19,2,60.34,0,0.8295,高
0876,40,1,95.48,1,0.8285,高
1262,26,1,45.76,1,0.8284,高
1162,30,1,29.5,1,0.8279,高
1192,23,3,155.55,1,0.8276,高
1025,35,1,31.79,1,0.8275,高
1675,6,1,14.200000000000001,1,0.8256,高
1474,5,3,172.2,1,0.8243,高
0653,46,1,18.9,1,0.8243,高
1672,6,1,17.82,1,0.8241,高
0635,41,2,176.4,1,0.8234,高
0974,37,1,33.61,1,0.8234,高
1758,1,1,130.9,1,0.8231,高
1023,35,1,20.200000000000003,1,0.8229,高
0672,45,1,100.09,1,0.8223,高
1063,29,2,39.82,1,0.822,高
1590,11,1,33.19,1,0.822,高
1181,30,1,12.79,0,0.822,高
0955,38,1,43.34,1,0.8219,高
1732,3,1,18.85,1,0.8217,高
1628,10,1,170.39999999999998,1,0.8213,高
0618,33,2,28.66,1,0.8209,高
0807,35,2,36.22,1,0.8206,高
0338,42,2,72.7,1,0.8205,高
0425,8,5,234.32,1,0.8202,高
0784,42,1,42.4,1,0.82,高
0246,36,3,144.03,1,0.8195,高
1047,20,2,71.39,1,0.819,高
0413,52,1,42.0,1,0.8186,高
1206,28,1,66.60000000000001,1,0.8184,高
0678,45,1,72.35,0,0.8182,高
1684,6,1,45.21,1,0.8169,高
1707,4,1,19.9,1,0.8169,高
1723,3,1,54.15,1,0.8167,高
1768,0,1,35.58,1,0.8159,高
1721,3,1,106.66,1,0.8155,高
0112,57,1,44.39,1,0.8154,高
0903,19,2,86.45,1,0.8142,高
0028,58,1,13.9,1,0.814,高
0526,35,2,616.6,1,0.8134,高
1284,25,1,39.04,1,0.8131,高
1087,16,2,38.23,1,0.8127,高
1619,10,1,99.7,1,0.8125,高
0775,43,1,15.6,1,0.812,高
1683,6,1,80.9,1,0.8116,高
1708,0,3,183.66,1,0.8115,高
1168,26,2,31.439999999999998,1,0.8109,高
1236,27,1,47.95,1,0.8103,高
1538,12,1,214.60000000000002,1,0.8101,高
0418,51,1,11.9,0,0.8099,高
1072,33,1,24.8,0,0.8096,高
1127,12,2,220.52,1,0.8088,高
1705,4,1,21.13,1,0.8084,高
1433,17,1,16.72,0,0.8078,高
0890,40,1,21.200000000000003,1,0.8071,高
0125,57,1,10.9,1,0.8068,高
1050,34,1,63.4,1,0.8066,高
1283,25,1,12.0,1,0.8065,高
0725,44,1,24.32,1,0.8059,高
0432,51,1,124.03,1,0.8052,高
1298,24,1,47.92,1,0.8047,高
0320,27,2,58.76,1,0.8032,高
0182,8,4,137.38,1,0.8029,高
1397,18,1,66.07,1,0.8023,高
1488,15,1,108.9,1,0.8019,高
1740,2,1,45.86,1,0.8014,高
1382,19,1,47.04,1,0.7995,高
0514,49,1,39.03,1,0.7991,高
1028,35,1,44.9,0,0.7989,高
0799,42,1,45.92,1,0.7989,高
1673,6,1,102.0,1,0.7987,高
1552,12,1,13.8,1,0.7981,高
1263,21,2,193.94,1,0.7981,高
0438,6,8,1146.61,1,0.7972,高
0240,54,1,110.67999999999999,1,0.7968,高
0026,6,5,244.09,1,0.7948,高
0707,45,1,3.3,1,0.7939,高
0643,29,2,31.77,1,0.7938,高
0927,38,1,88.8,1,0.7936,高
1646,5,2,127.17999999999999,1,0.7935,高
0135,49,2,55.31,1,0.7934,高
0040,10,3,336.5,1,0.7924,高
1576,11,1,253.88,1,0.7921,高
1591,10,1,65.4,1,0.7916,高
0943,38,1,28.62,1,0.7914,高
0611,44,2,33.12,1,0.7914,高
0972,37,1,90.02,1,0.791,高
0527,39,2,149.9,0,0.7901,高
0558,48,1,59.489999999999995,1,0.7891,高
0290,53,1,77.9,1,0.789,高
1554,3,2,104.01,1,0.7888,高
1492,15,1,54.129999999999995,1,0.7878,高
0603,47,1,65.64,1,0.7873,高
1427,17,1,28.9,1,0.7868,高
0831,31,5,115.52,1,0.7865,高
0575,17,4,225.22,1,0.7859,高
0436,35,3,119.91,1,0.7847,高
1055,23,3,277.29999999999995,1,0.7824,高
1606,10,1,20.7,1,0.7821,高
1144,31,1,14.7,0,0.7817,高
1160,30,1,28.01,1,0.7813,高
0918,38,1,19.46,1,0.7803,高
1720,3,1,35.18,1,0.7801,高
0048,58,1,3.4299999999999997,0,0.78,高
1296,25,1,9.9,1,0.7797,高
0830,41,1,23.0,1,0.7791,高
1113,31,1,45.4,1,0.7787,高
0280,18,14,175.95,1,0.777,高
1080,33,1,19.5,1,0.7744,高
0247,31,3,193.98,1,0.774,高
1451,17,1,20.3,0,0.7735,高
0186,55,1,34.51,1,0.7735,高
1347,10,2,48.4,1,0.7729,高
1456,16,1,35.629999999999995,1,0.7715,高
1114,29,2,104.89,1,0.7702,高
0594,29,4,147.99,1,0.7699,高
1546,12,1,18.330000000000002,0,0.7695,高
1348,21,1,13.68,1,0.7677,高
1194,29,1,45.2,1,0.7664,高
1173,30,1,34.150000000000006,0,0.7664,高
0759,43,1,35.1,0,0.7662,高
0709,44,1,85.92,1,0.7656,高
0605,47,1,46.92,1,0.7644,高
0616,5,4,219.88,1,0.7643,高
0717,44,1,52.4,1,0.763,高
1045,34,1,21.46,0,0.7618,高
0687,18,6,387.01,1,0.7617,高
0275,54,1,15.55,1,0.7605,高
1697,5,1,50.84,1,0.7602,高
0870,40,1,13.6,0,0.7574,高
1480,15,1,186.3,1,0.7565,高
0002,20,3,78.7,1,0.7558,高
1326,22,1,118.53999999999999,1,0.7558,高
1281,22,2,89.65,1,0.7552,高
0485,2,4,149.93,1,0.755,高
1458,16,1,21.25,1,0.755,高
1339,21,1,117.12,1,0.754,高
0865,22,3,194.53,1,0.7521,高
1027,35,1,14.9,1,0.7513,高
1191,29,1,12.600000000000001,1,0.7507,高
0155,33,3,89.1,1,0.7494,高
0136,43,2,45.26,1,0.7483,高
1706,4,1,97.87,1,0.7477,高
1541,12,1,745.9,1,0.7456,高
0232,55,1,11.5,0,0.7456,高
1418,17,1,127.2,1,0.7447,高
0544,49,1,11.3,1,0.7438,高
1108,32,1,5.9,1,0.7422,高
1599,9,2,336.8,1,0.7421,高
1625,10,1,62.629999999999995,1,0.7406,高
0712,44,1,53.0,0,0.7404,高
1092,29,2,56.94,1,0.7399,高
1357,20,1,347.59999999999997,0,0.7399,高
1364,20,1,28.290000000000003,1,0.7394,高
1654,8,1,53.35,1,0.7384,高
1468,16,1,123.22,1,0.7377,高
1574,10,2,195.36,1,0.7362,高
1369,20,1,2.58,1,0.7342,高
0251,54,1,29.200000000000003,0,0.732,高
1405,13,2,69.77,1,0.7298,高
1555,3,2,61.0,1,0.7297,高
1265,26,1,150.99,1,0.7277,高
0948,38,1,68.94,1,0.725,高
0206,55,1,38.1,1,0.7243,高
0984,36,1,24.24,1,0.723,高
0895,39,1,5.0600000000000005,1,0.7209,高
0723,30,4,81.27000000000001,1,0.7192,高
1678,6,1,9.29,1,0.717,高
1017,35,1,31.13,1,0.715,高
1249,1,3,141.7,1,0.7141,高
0355,19,5,410.34,1,0.7113,高
0790,42,1,103.13,1,0.7103,高
0867,32,2,102.7,0,0.7081,高
0828,41,1,5.9,1,0.7075,高
0922,38,1,120.62,0,0.7059,高
0695,45,1,19.9,1,0.7052,高
0681,17,4,89.76,1,0.7046,高
0429,31,3,132.29,1,0.7036,高
0451,51,1,37.05,1,0.7029,高
0066,57,1,141.38,1,0.7025,高
1345,21,1,43.9,1,0.7009,高
0639,46,1,35.5,1,0.6984,中
1568,8,2,127.91,1,0.6983,中
1727,3,1,21.9,0,0.6978,中
0110,39,3,103.12,1,0.6976,中
1376,17,2,339.3,1,0.6934,中
1741,2,1,19.9,1,0.6927,中
1220,28,1,84.5,1,0.6901,中
1754,1,1,41.78,1,0.6897,中
0612,47,1,63.150000000000006,1,0.6888,中
1311,11,2,83.73,1,0.685,中
1627,10,1,142.51,1,0.6849,中
0800,23,2,63.29,1,0.6839,中
1293,7,2,23.900000000000002,0,0.6821,中
0328,12,3,104.7,1,0.68,中
1095,32,1,8.1,1,0.6781,中
1219,28,1,83.9,1,0.6773,中
1261,26,1,15.3,1,0.6749,中
0406,52,1,37.89,1,0.6678,中
0756,37,2,131.67,1,0.6628,中
1088,33,1,6.7,0,0.6616,中
1472,16,1,5.47,1,0.6584,中
0900,21,2,228.57999999999998,0,0.6582,中
1111,32,1,8.29,1,0.6561,中
0998,28,2,109.51,1,0.6556,中
1770,0,1,21.86,1,0.6535,中
1655,8,1,40.6,1,0.6499,中
0556,12,7,530.1,1,0.6366,中
0213,55,1,42.199999999999996,1,0.6333,中
0992,36,1,14.9,1,0.6315,中
0863,18,2,97.1,1,0.6289,中
0736,23,3,125.35,0,0.6279,中
0829,41,1,11.1,1,0.6263,中
1674,0,3,107.03,0,0.6094,中
1332,22,1,11.8,0,0.6085,中
1540,12,1,102.42,1,0.6054,中
1085,33,1,4.109999999999999,1,0.5989,中
1282,11,2,90.4,1,0.598,中
0423,28,3,191.5,0,0.5971,中
0171,10,3,95.71,1,0.5959,中
1558,11,1,60.96,1,0.5943,中
1507,12,1,101.28,1,0.591,中
0243,54,1,43.7,0,0.5891,中
1403,12,2,174.41,0,0.5861,中
1009,36,1,19.9,0,0.5842,中
1228,26,2,88.84,0,0.5823,中
1445,17,1,61.15,0,0.5787,中
1466,13,2,149.85,1,0.5757,中
0345,28,2,93.14,1,0.5724,中
0711,38,2,208.03,1,0.5674,中
1257,26,1,72.63,1,0.567,中
1728,3,1,54.7,1,0.5633,中
1509,12,1,230.21,0,0.5612,中
0000,58,1,11.05,0,0.5585,中
1271,25,1,155.65,1,0.5582,中
0671,26,2,47.5,1,0.5573,中
0374,43,2,271.9,0,0.5562,中
0286,18,7,650.1,0,0.5542,中
0772,29,2,41.980000000000004,1,0.5506,中
1163,15,2,159.01999999999998,1,0.5462,中
0470,22,2,121.3,0,0.5443,中
1352,11,2,145.28,1,0.5424,中
0025,58,1,38.51,1,0.5423,中
0703,45,1,11.17,1,0.5372,中
1569,11,1,264.53,1,0.5342,中
1135,13,2,165.26,1,0.5323,中
1086,33,1,18.04,1,0.5316,中
1700,4,1,83.25,1,0.5301,中
0600,13,6,151.4,0,0.5297,中
0442,10,3,75.53,0,0.5256,中
1301,23,1,12.34,1,0.5226,中
0970,37,1,158.24,1,0.5217,中
1662,7,1,28.9,0,0.5204,中
1321,22,1,28.9,1,0.5196,中
1125,31,1,11.040000000000001,1,0.5186,中
1506,13,1,15.9,0,0.5183,中
1623,10,1,216.9,0,0.5135,中
0928,12,2,380.8,1,0.5127,中
1308,23,1,33.78,0,0.5119,中
0933,21,4,112.86,0,0.5052,中
0021,15,3,185.76,0,0.505,中
0904,39,1,25.64,1,0.5025,中
1001,19,2,43.0,0,0.5016,中
0771,43,1,17.43,1,0.5014,中
1071,33,1,9.8,0,0.4959,中
0329,32,2,155.0,0,0.4944,中
0491,50,1,36.11,0,0.4935,中
0574,36,2,36.6,1,0.4919,中
0218,54,2,121.27,1,0.4881,中
1764,0,1,52.019999999999996,1,0.4878,中
1616,10,1,131.82999999999998,0,0.4876,中
0187,32,4,149.34,0,0.4872,中
1613,10,1,179.7,0,0.4862,中
0511,49,1,45.0,0,0.4853,中
1747,2,1,14.290000000000001,1,0.4769,中
1315,19,2,26.93,1,0.475,中
0315,51,3,57.18,1,0.4746,中
0500,50,1,82.4,1,0.4644,中
0728,44,1,28.9,0,0.4612,中
1118,31,1,282.8,1,0.4593,中
1734,3,1,20.0,0,0.4587,中
1460,16,1,9.12,0,0.4574,中
0630,26,3,174.2,1,0.4566,中
0568,8,3,245.6,1,0.4498,中
0193,47,3,28.11,1,0.4496,中
1581,11,1,21.7,0,0.4476,中
0343,52,1,38.0,0,0.446,中
0273,26,2,147.8,1,0.4438,中
0874,40,1,11.19,0,0.4433,中
1363,17,2,448.2,0,0.4431,中
1285,25,1,15.09,0,0.4406,中
1354,2,3,191.60999999999999,0,0.4389,中
0376,52,1,38.7,0,0.4388,中
1760,1,1,10.52,1,0.4357,中
0200,55,1,19.09,0,0.4329,中
0519,35,2,129.6,0,0.4311,中
0905,31,3,396.81,1,0.431,中
1486,15,1,146.12,0,0.4287,中
1275,25,1,38.8,0,0.4238,中
1367,20,1,50.9,0,0.4212,中
1091,32,1,110.1,1,0.4204,中
1210,28,1,201.78,1,0.419,中
1061,1,2,110.99,0,0.4188,中
0891,40,1,15.629999999999999,0,0.4182,中
1020,8,2,87.83,1,0.4168,中
0577,48,1,38.33,1,0.4158,中
1043,26,3,218.76,0,0.4146,中
0758,17,8,599.28,0,0.4135,中
1049,16,3,225.73,0,0.4112,中
1759,1,1,23.01,0,0.4112,中
0550,48,1,86.5,1,0.4081,中
0820,41,1,20.8,0,0.4047,中
1742,2,1,51.3,0,0.4031,中
0185,55,1,22.37,0,0.4027,中
1677,6,1,85.8,0,0.4019,中
1102,28,2,134.14,1,0.3974,低
1213,28,1,80.1,1,0.3946,低
1548,12,1,288.0,0,0.3937,低
0850,40,1,18.75,1,0.3913,低
1286,25,1,22.1,0,0.3903,低
0897,35,2,118.84,0,0.3889,低
1094,32,1,14.3,0,0.3859,低
1015,35,1,88.19999999999999,0,0.3846,低
1563,11,1,100.5,1,0.3767,低
1012,35,1,29.97,0,0.3757,低
1128,31,1,23.740000000000002,0,0.3748,低
1489,6,2,189.11,1,0.3739,低
0623,46,1,19.62,0,0.3727,低
0334,31,3,97.4,1,0.369,低
0654,10,3,487.4,1,0.368,低
0659,45,1,64.32,0,0.3642,低
0664,45,1,19.5,0,0.362,低
1232,27,1,121.54,0,0.3617,低
0496,50,1,133.8,0,0.3602,低
1694,5,1,21.59,0,0.3593,低
0132,16,3,184.2,1,0.3592,低
0979,37,1,24.48,0,0.3579,低
0722,19,4,101.72,0,0.3537,低
0636,46,1,54.099999999999994,0,0.3532,低
0042,58,1,27.65,0,0.3526,低
1331,22,1,14.870000000000001,0,0.3517,低
1098,32,1,218.63,0,0.3506,低
1716,3,1,76.17,1,0.3502,低
0622,46,1,132.9,0,0.3456,低
1722,2,2,7.3,0,0.3404,低
0140,49,4,170.41,1,0.3393,低
1579,11,1,16.3,0,0.3389,低
0350,52,1,57.4,0,0.3246,低
0390,10,2,57.92,1,0.3236,低
0965,35,2,182.14,1,0.3235,低
0262,15,2,66.8,1,0.3223,低
1701,4,1,104.5,0,0.3211,低
0537,49,1,78.65,0,0.3202,低
0233,11,2,110.2,1,0.3191,低
1695,5,1,82.2,1,0.3135,低
1755,1,1,90.38,0,0.3131,低
1252,19,2,49.2,0,0.3113,低
0789,42,1,110.39,0,0.3111,低
0989,36,1,45.55,0,0.3109,低
0357,48,2,150.55,0,0.3073,低
1371,11,3,243.11,1,0.305,低
0508,49,1,135.21,1,0.3045,低
1303,23,1,33.99,1,0.3019,低
0307,53,1,35.76,0,0.2947,低
1309,7,2,194.17000000000002,1,0.2946,低
1155,30,2,63.25,0,0.2915,低
0693,16,2,86.0,0,0.2915,低
0690,45,1,56.7,1,0.2902,低
1002,34,2,124.5,0,0.2886,低
1751,2,1,11.57,0,0.2873,低
1560,11,1,278.38,0,0.2869,低
1395,18,1,61.17,0,0.2858,低
1099,32,1,73.7,0,0.2847,低
1026,10,2,474.9,0,0.2844,低
0780,10,4,112.35,0,0.2836,低
1453,3,2,76.6,0,0.2823,低
1670,6,1,37.82,0,0.2788,低
1567,11,1,153.51,0,0.2783,低
0808,42,1,19.34,0,0.2756,低
1327,22,1,499.1,0,0.2747,低
0332,28,3,182.5,1,0.274,低
1343,21,1,54.14,0,0.2727,低
0701,45,1,12.9,0,0.272,低
0077,57,1,100.9,0,0.2704,低
1622,10,1,102.35,0,0.2691,低
1393,18,1,33.8,0,0.2671,低
1522,12,1,35.09,0,0.2668,低
0499,15,3,148.3,0,0.2659,低
0947,38,1,105.45,0,0.2654,低
1041,4,2,51.12,0,0.2644,低
0656,45,2,118.06,0,0.2628,低
0114,37,2,188.29,1,0.2622,低
0387,38,2,90.04,0,0.2611,低
1164,27,2,140.64,0,0.2606,低
0877,40,1,16.89,0,0.2597,低
1046,4,3,111.86,0,0.2592,低
0706,25,4,256.13,0,0.2592,低
0065,57,1,23.150000000000002,0,0.258,低
1305,13,2,93.35,0,0.258,低
1441,12,3,128.1,1,0.2568,低
1198,28,1,39.120000000000005,0,0.2562,低
1424,16,2,63.03,1,0.2543,低
0582,48,1,29.9,0,0.2515,低
0534,49,1,29.700000000000003,0,0.2458,低
0264,19,3,217.29000000000002,1,0.245,低
1152,31,1,77.07,1,0.2449,低
0006,23,2,89.66,0,0.2448,低
0489,40,2,33.37,0,0.2444,低
1247,27,1,93.24,0,0.2437,低
0844,32,2,45.65,0,0.2436,低
1190,29,1,24.34,0,0.2427,低
0673,31,2,117.16,0,0.2406,低
1258,26,1,48.94,0,0.2405,低
0801,28,2,43.28,0,0.2392,低
0827,30,3,166.85,0,0.238,低
1042,19,2,253.0,0,0.2355,低
1316,10,3,207.15,0,0.2352,低
1077,33,1,109.66,0,0.235,低
1726,3,1,22.0,0,0.2309,低
1752,1,1,18.79,0,0.2307,低
0164,29,5,196.71,0,0.2305,低
1668,6,1,94.6,0,0.2302,低
1521,12,1,59.36,0,0.2301,低
1106,32,1,101.02000000000001,0,0.2294,低
1174,30,1,14.6,0,0.2291,低
1264,26,1,105.84,0,0.2286,低
0244,54,1,73.66,0,0.2271,低
0330,53,1,38.72,0,0.227,低
0050,10,2,69.3,0,0.2254,低
0797,42,1,48.0,0,0.2223,低
0608,47,1,469.2,0,0.2219,低
1482,11,2,351.29,0,0.2215,低
0014,29,6,298.21999999999997,1,0.2213,低
1016,28,3,135.8,0,0.2211,低
0564,32,2,62.83,0,0.2199,低
1455,16,1,44.83,0,0.2195,低
1464,16,1,34.68,0,0.2172,低
0748,1,3,162.6,0,0.217,低
0645,11,2,102.5,0,0.2157,低
1749,2,1,6.14,0,0.2155,低
1717,3,1,55.8,0,0.2129,低
0893,22,2,63.6,0,0.2122,低
0898,39,1,28.46,0,0.2116,低
0342,16,2,36.62,1,0.2097,低
0777,29,2,38.82,0,0.2074,低
0115,37,4,109.61,0,0.2065,低
1117,31,1,26.11,0,0.2056,低
1389,19,1,132.8,0,0.2052,低
0109,0,2,98.3,1,0.2045,低
0694,45,1,24.62,0,0.2043,低
1544,11,2,120.82,0,0.2041,低
1571,11,1,76.94,0,0.2024,低
0901,39,1,24.57,0,0.1994,低
0751,43,1,45.120000000000005,0,0.1981,低
0617,18,7,116.03999999999999,0,0.1967,低
0294,49,2,315.0,0,0.1949,低
0881,21,4,112.25,0,0.1946,低
0914,34,3,105.61,0,0.1943,低
0515,40,3,71.25,0,0.1941,低
1493,12,2,40.16,1,0.1936,低
0886,12,2,15.47,0,0.1911,低
1409,0,3,343.9,0,0.1904,低
1572,11,1,86.4,0,0.1903,低
0096,30,4,73.82,1,0.1892,低
0271,17,4,171.99,0,0.1886,低
1491,15,1,19.21,0,0.1885,低
1138,31,1,19.19,0,0.188,低
0679,45,1,14.49,0,0.1875,低
1769,0,1,50.51,0,0.1874,低
0986,31,3,1856.81,0,0.1864,低
1004,36,1,13.0,0,0.1863,低
0004,58,1,27.900000000000002,0,0.1852,低
1584,11,1,61.93,0,0.1845,低
0191,18,2,80.5,0,0.1844,低
1234,21,2,67.39,0,0.1843,低
1605,10,1,48.85,0,0.1841,低
1386,13,2,90.63,0,0.1822,低
1279,16,2,113.18,0,0.1814,低
1699,4,1,77.0,0,0.1807,低
0166,33,2,40.480000000000004,0,0.179,低
0889,21,2,425.2,0,0.1788,低
0176,18,4,93.14,0,0.1779,低
1333,22,1,101.50999999999999,0,0.1769,低
0982,35,2,41.99,0,0.1762,低
0836,10,3,418.92,0,0.1758,低
0788,42,1,80.92,0,0.174,低
1596,10,1,129.1,0,0.1731,低
0369,8,3,132.29,1,0.1716,低
0795,26,2,63.07,0,0.1716,低
1649,9,1,47.760000000000005,0,0.171,低
1634,10,1,40.8,0,0.1685,低
1475,15,1,57.77,0,0.1682,低
1725,3,1,27.29,0,0.1675,低
1772,0,1,61.36,1,0.1674,低
1074,27,2,105.89,0,0.1667,低
1692,5,1,73.71000000000001,0,0.1659,低
1068,12,3,219.59,0,0.1654,低
0325,51,2,85.89,0,0.1644,低
0007,55,2,138.37,0,0.1637,低
0598,47,1,65.84,0,0.1624,低
0525,49,1,54.07,0,0.1623,低
1399,18,1,41.75,0,0.1616,低
0103,43,2,137.43,0,0.1616,低
0005,47,2,57.6,0,0.1613,低
1227,27,1,211.32,0,0.1598,低
1295,25,1,50.66,0,0.1596,低
0258,19,4,298.02,0,0.1593,低
0599,6,2,145.68,0,0.1591,低
0683,6,2,37.36,0,0.1584,低
1302,23,1,136.6,0,0.1584,低
0924,19,2,251.0,0,0.1562,低
1124,31,1,137.4,1,0.1562,低
0791,33,3,205.89,0,0.156,低
0578,39,3,129.29,0,0.1545,低
0310,53,1,105.66,0,0.1544,低
0625,37,2,111.25,0,0.1543,低
0719,43,2,32.6,0,0.1542,低
1330,6,2,154.47,0,0.154,低
0923,38,1,70.4,0,0.1519,低
1602,10,1,108.99,0,0.1519,低
1696,2,2,170.6,0,0.1489,低
1256,26,1,104.3,0,0.1479,低
0481,46,2,47.1,0,0.1465,低
0311,32,2,183.65,0,0.1462,低
0738,19,3,73.61,0,0.146,低
1688,4,2,184.62,0,0.1447,低
0522,11,3,187.9,0,0.1445,低
0001,13,2,42.6,1,0.1416,低
1153,10,2,146.1,0,0.1415,低
0954,38,1,64.15,0,0.1409,低
0457,46,2,27.880000000000003,0,0.1387,低
1287,22,2,269.57,1,0.1385,低
1501,12,2,610.5600000000001,0,0.1364,低
0846,4,3,130.5,0,0.1359,低
0437,33,4,166.67,0,0.1349,低
1413,12,2,73.46,0,0.1347,低
1276,4,4,112.9,0,0.1346,低
1388,4,2,83.10999999999999,0,0.1344,低
1420,16,2,338.88,1,0.1343,低
0765,43,1,33.18,0,0.1333,低
0915,32,2,130.1,0,0.1319,低
1612,6,3,255.51,0,0.1309,低
0953,13,2,110.10000000000001,0,0.1305,低
0959,23,2,169.27,0,0.1305,低
0510,42,2,49.190000000000005,0,0.1291,低
1069,33,1,49.32,0,0.1284,低
0532,16,2,211.1,0,0.1282,低
0824,41,1,102.64,0,0.1278,低
1374,19,1,113.3,0,0.1262,低
0094,28,4,361.5,0,0.1259,低
1136,10,5,213.72,0,0.1256,低
0445,31,2,30.15,0,0.1246,低
1565,0,3,119.5,0,0.124,低
0177,26,8,375.91999999999996,0,0.1237,低
0229,51,3,62.57,0,0.1236,低
0179,31,3,145.53,0,0.123,低
0697,34,2,88.28999999999999,0,0.1227,低
0976,20,3,113.22,0,0.1227,低
1230,12,3,290.13,0,0.1218,低
1537,12,1,68.5,0,0.1216,低
0016,10,5,386.09,1,0.12,低
0538,12,2,378.48,0,0.1196,低
1391,3,2,69.59,0,0.1188,低
1314,22,1,12.629999999999999,0,0.1186,低
1535,12,1,125.7,0,0.117,低
1054,34,1,30.9,0,0.1167,低
1266,12,2,102.65,0,0.1158,低
1196,17,2,273.4,0,0.1157,低
0375,10,4,205.47,0,0.1156,低
1013,28,2,151.47,0,0.1151,低
1185,1,3,117.0,0,0.115,低
1226,27,1,55.28,0,0.1141,低
0084,19,8,813.29,0,0.114,低
0977,22,4,39.78,0,0.1138,低
1334,22,1,19.6,0,0.1138,低
1204,13,2,237.63,0,0.1132,低
1661,7,1,39.32,0,0.1128,低
0268,36,2,81.85,0,0.1124,低
0010,39,2,220.63000000000002,0,0.1124,低
0860,12,2,156.35,1,0.1118,低
0842,17,3,238.45,0,0.1112,低
1201,25,2,70.24,0,0.1111,低
0917,27,2,90.25999999999999,0,0.111,低
0833,18,3,292.02,0,0.1104,低
0107,15,5,654.36,0,0.1098,低
0431,5,5,195.85,0,0.1078,低
0237,22,6,101.77,1,0.1067,低
1096,26,3,196.74,0,0.1064,低
0753,21,2,56.02,0,0.1057,低
0596,26,4,329.25,1,0.1054,低
1679,6,1,65.65,0,0.1052,低
1123,31,1,63.8,0,0.1047,低
1398,15,2,130.11,0,0.1044,低
0647,27,2,126.12,0,0.104,低
0774,12,2,326.4,0,0.1037,低
0433,29,5,190.77,0,0.1035,低
0220,17,5,213.63,0,0.1025,低
1402,18,1,40.44,0,0.1021,低
1139,16,2,135.94,0,0.1009,低
1200,0,3,153.11,0,0.1008,低
0646,20,3,141.34,0,0.1008,低
0434,5,6,142.54,0,0.0998,低
0934,35,2,74.48,0,0.0994,低
0669,37,4,188.82999999999998,0,0.0979,低
0249,11,8,915.0699999999999,1,0.0974,低
1457,10,2,77.2,0,0.0966,低
1478,15,1,115.98,0,0.0965,低
0368,17,4,145.36,0,0.0963,低
0588,47,1,128.68,0,0.0962,低
0453,7,7,177.6,0,0.0959,低
1344,19,2,84.11999999999999,0,0.0948,低
0925,0,10,1233.3,0,0.0943,低
1512,2,4,158.9,0,0.0939,低
0279,23,2,42.38,0,0.0937,低
0367,51,2,116.28,0,0.0923,低
0971,37,1,132.26,0,0.0917,低
1715,3,1,76.61,0,0.0912,低
1171,26,3,68.28999999999999,0,0.0911,低
0327,32,3,96.33,0,0.0911,低
0637,31,4,90.62,0,0.0909,低
0885,40,1,38.28,0,0.0893,低
1449,16,2,45.400000000000006,0,0.0886,低
1290,20,2,101.4,0,0.0885,低
1516,12,1,60.31,0,0.0884,低
1122,27,3,126.42,0,0.0883,低
0883,31,2,148.53,0,0.0882,低
1465,10,2,80.41,0,0.088,低
0804,35,2,131.47,0,0.0877,低
0670,6,4,247.06,1,0.0872,低
0866,10,4,534.5699999999999,0,0.0869,低
0546,25,2,113.57000000000001,0,0.0861,低
0620,31,4,133.01,0,0.0854,低
0547,40,2,171.68,0,0.0842,低
0838,41,1,29.409999999999997,0,0.0839,低
0255,22,5,256.79,0,0.0837,低
0221,10,6,546.31,0,0.0834,低
0047,23,22,589.94,0,0.0832,低
1177,3,3,13139.78,0,0.0828,低
0086,30,3,197.3,0,0.0828,低
0773,10,3,82.7,0,0.0828,低
1731,3,1,74.18,0,0.0827,低
1221,15,2,28.5,1,0.0822,低
0597,21,5,184.17,0,0.0806,低
0601,11,4,228.23999999999998,0,0.0802,低
1318,22,1,102.11,0,0.0798,低
0530,10,2,14.85,0,0.0794,低
0122,1,4,116.72,0,0.0793,低
1387,19,1,27.62,0,0.0787,低
1342,18,2,76.4,0,0.0786,低
1270,16,2,278.12,0,0.0785,低
1640,0,3,183.73999999999998,0,0.078,低
0388,20,4,208.8,0,0.0779,低
1178,1,3,45.6,0,0.0769,低
0849,17,3,369.41999999999996,0,0.0766,低
1291,16,3,122.69,0,0.0766,低
1773,0,1,80.47999999999999,0,0.0753,低
0341,52,1,9.9,0,0.0749,低
0209,31,3,52.35,0,0.0746,低
0910,39,1,41.1,0,0.0745,低
1233,10,3,474.56,0,0.0744,低
1209,11,2,40.18,0,0.0744,低
1631,10,1,56.78,0,0.0742,低
0839,17,5,586.64,0,0.0736,低
1109,32,1,24.9,0,0.0735,低
0665,22,3,157.4,0,0.0734,低
1030,11,3,101.36,0,0.0727,低
0615,5,3,70.36,0,0.0726,低
1368,3,3,93.28999999999999,0,0.0724,低
0755,43,1,53.95,0,0.0723,低
1176,13,3,67.67999999999999,0,0.0723,低
0624,46,1,27.25,0,0.0719,低
1497,5,3,104.48,0,0.0713,低
0443,4,3,210.49,0,0.0712,低
0980,37,1,61.339999999999996,0,0.0707,低
0278,47,2,199.22,0,0.0692,低
0099,50,2,214.24,0,0.0687,低
1452,17,1,42.7,0,0.0683,低
0531,10,2,201.63,1,0.0679,低
1199,28,1,41.47,0,0.0678,低
1003,5,4,222.28,0,0.0677,低
1598,1,2,96.89,0,0.0673,低
0439,5,5,289.77,0,0.0672,低
1278,25,1,74.22,0,0.0671,低
1724,3,1,57.13,0,0.0671,低
0604,3,5,133.14000000000001,0,0.067,低
0627,0,4,232.77,0,0.0666,低
0906,39,1,17.8,0,0.0662,低
0207,55,1,70.38,0,0.0658,低
1336,17,3,85.29,0,0.0657,低
0610,17,6,123.46000000000001,0,0.0652,低
1172,30,1,3.9,0,0.0643,低
1603,10,1,84.44,0,0.064,低
0313,11,4,128.12,0,0.0636,低
0539,11,7,416.64,1,0.0633,低
0513,7,4,231.5,0,0.0625,低
0241,0,6,157.54,0,0.0624,低
0902,25,3,26.35,0,0.0621,低
0464,32,4,151.99,0,0.0614,低
0269,39,4,218.66,0,0.0614,低
0746,29,2,677.3199999999999,0,0.0609,低
1335,15,3,58.69,1,0.0605,低
0174,20,9,467.34,0,0.0599,低
1608,10,1,79.9,0,0.0596,低
1378,19,1,41.41,0,0.0595,低
0126,10,6,405.0,0,0.0594,低
0371,4,3,74.64,0,0.0591,低
0787,5,3,260.38,0,0.0589,低
0858,40,1,77.2,0,0.0588,低
1432,0,5,187.28,0,0.0576,低
1205,7,4,224.53,0,0.0575,低
0782,3,3,664.12,0,0.0569,低
1459,4,3,343.32,0,0.0568,低
0757,3,2,70.57,0,0.0566,低
0153,31,3,219.89,0,0.0562,低
0117,30,4,260.96,0,0.055,低
0015,34,3,313.88,1,0.0547,低
0873,40,1,49.9,0,0.0539,低
0480,7,2,37.150000000000006,0,0.0537,低
1638,10,1,45.900000000000006,0,0.0532,低
0770,15,2,137.6,0,0.0529,低
1167,30,1,32.9,0,0.0529,低
0223,20,7,369.65999999999997,0,0.0527,低
0517,0,2,45.6,0,0.0521,低
0562,20,3,124.46,0,0.0518,低
0975,12,2,240.5,0,0.0515,低
0306,18,5,127.12,0,0.0514,低
1524,4,2,207.56,0,0.0512,低
0488,27,5,86.15,0,0.0511,低
0156,26,6,154.73,0,0.0508,低
0043,7,3,104.63,0,0.0507,低
0336,12,4,101.48,0,0.0506,低
1064,11,6,1019.95,0,0.0505,低
1719,1,2,60.37,0,0.0504,低
1469,10,4,245.71,0,0.0502,低
0566,11,3,173.88,0,0.0499,低
0074,16,10,820.11,0,0.0499,低
1107,11,6,211.36,0,0.0497,低
0668,22,3,58.21,0,0.0497,低
0554,19,3,279.7,0,0.0497,低
0952,19,2,110.21,0,0.0492,低
0465,26,2,164.25,0,0.049,低
0483,6,5,137.04,0,0.0487,低
0326,11,10,514.9,0,0.0487,低
0134,12,4,230.72,0,0.0485,低
0814,6,4,239.65,0,0.0479,低
1129,31,1,56.25,0,0.0476,低
1756,1,1,67.81,0,0.0464,低
0019,40,3,223.06,0,0.0461,低
0168,27,4,145.59,0,0.0455,低
0834,0,8,899.13,0,0.0455,低
0172,15,7,553.28,0,0.0455,低
1161,30,1,200.73,0,0.0454,低
0740,6,2,85.81,0,0.0451,低
0851,39,2,59.12,0,0.0448,低
0378,13,4,312.5,0,0.0444,低
0067,57,1,6.8,0,0.0442,低
0956,12,3,266.23,0,0.0442,低
1561,11,1,407.56,0,0.0442,低
1019,28,4,70.71,0,0.0442,低
0482,12,6,162.62,0,0.0441,低
0704,45,1,65.9,0,0.0438,低
0180,12,3,44.71,0,0.0436,低
1421,3,2,44.67,0,0.0433,低
0316,13,6,735.0600000000001,0,0.0426,低
0997,25,3,125.19,1,0.0424,低
0796,1,7,819.97,0,0.0422,低
0298,12,2,264.86,0,0.0422,低
0501,23,3,157.16,0,0.0419,低
0786,18,3,125.94,0,0.0413,低
0644,26,5,112.85,0,0.0413,低
0761,16,2,66.45,0,0.0412,低
0964,37,1,14.9,0,0.0408,低
0887,11,2,211.94,0,0.0404,低
1018,10,2,76.56,0,0.0404,低
1243,3,4,276.7,0,0.0404,低
0108,11,14,1349.28,0,0.0396,低
0524,0,5,247.04,0,0.0396,低
0551,33,4,276.05,0,0.0392,低
0169,56,1,43.82,0,0.0386,低
1239,27,1,34.15,0,0.0385,低
1454,16,1,113.5,0,0.0371,低
1037,34,1,57.4,0,0.037,低
0408,31,2,80.87,0,0.037,低
0073,11,9,649.15,0,0.037,低
0036,58,1,42.72,0,0.0364,低
0078,5,11,842.44,0,0.0357,低
1498,13,1,129.9,0,0.0353,低
1439,17,1,41.5,0,0.0352,低
0150,56,1,3.0300000000000002,0,0.0352,低
1103,32,1,24.6,0,0.0351,低
0716,11,7,746.95,0,0.0349,低
0435,1,3,109.16,0,0.0342,低
0085,57,1,26.18,0,0.0341,低
0447,51,1,14.8,0,0.0341,低
0196,38,6,225.95,0,0.0335,低
0091,23,9,475.84,0,0.0335,低
0317,16,5,305.33,0,0.0332,低
1703,0,2,50.8,0,0.0327,低
1304,2,3,56.19,0,0.0327,低
1681,6,1,13.7,0,0.032,低
0581,21,3,46.09,0,0.0317,低
1188,4,2,99.69,0,0.0314,低
1767,0,1,39.69,0,0.0311,低
0548,8,3,116.25,0,0.0303,低
0055,38,2,99.84,0,0.0303,低
0057,10,5,137.55,0,0.03,低
0576,17,5,95.92,0,0.0299,低
0450,51,1,27.200000000000003,0,0.0284,低
1056,10,3,88.47,0,0.0279,低
0916,17,4,125.35,0,0.0275,低
1104,2,3,156.08,0,0.0274,低
0727,40,2,45.85,0,0.0273,低
0590,3,4,178.75,0,0.0271,低
0318,8,11,521.6899999999999,0,0.0268,低
0962,10,7,609.55,0,0.0264,低
0289,40,2,4.16,0,0.0263,低
0409,7,3,69.31,0,0.0263,低
0395,2,6,662.02,0,0.0262,低
0373,4,4,148.33,0,0.026,低
1216,10,4,321.04,0,0.0258,低
0333,31,4,145.29999999999998,1,0.0253,低
1595,4,2,75.49,0,0.0252,低
0365,15,4,234.07999999999998,0,0.0251,低
0017,6,11,525.42,0,0.0249,低
1158,31,1,2.0,0,0.0246,低
0347,12,3,180.47,0,0.0244,低
1288,13,3,463.38,0,0.0241,低
0843,37,2,97.03999999999999,0,0.0236,低
0779,37,3,58.46,0,0.0234,低
1036,8,4,258.61,0,0.0233,低
0265,0,9,490.82,0,0.0232,低
0766,43,1,39.45,0,0.0231,低
0062,31,6,296.12,0,0.0226,低
1100,29,2,61.339999999999996,0,0.0224,低
0983,4,3,242.63,0,0.0224,低
0459,12,5,108.0,0,0.0223,低
1436,17,1,105.8,0,0.0217,低
0973,37,1,28.0,0,0.0215,低
1737,3,1,109.9,0,0.0214,低
0046,3,3,101.12,0,0.0212,低
1024,10,3,169.39999999999998,0,0.0211,低
0763,12,3,353.32,0,0.021,低
1008,25,2,38.2,0,0.0206,低
1187,6,3,317.79,0,0.0203,低
1629,10,1,166.8,0,0.0203,低
0988,29,3,40.190000000000005,0,0.0202,低
0339,0,13,165.64000000000001,0,0.0199,低
1078,33,1,26.009999999999998,0,0.0196,低
0076,19,8,278.79,0,0.0195,低
0785,0,7,231.93,0,0.0194,低
0809,15,5,162.05,1,0.0194,低
0090,7,5,482.22,0,0.0194,低
0346,31,3,294.45,0,0.019,低
1105,10,3,351.34000000000003,0,0.019,低
1462,16,1,39.260000000000005,0,0.0188,低
0088,8,6,292.89,0,0.0185,低
0092,2,27,1235.25,0,0.0185,低
1639,10,1,3.77,0,0.0184,低
1761,0,2,47.94,0,0.0181,低
0226,10,7,221.03,0,0.0176,低
1211,28,1,12.7,0,0.0173,低
1130,23,3,92.67,0,0.0173,低
0640,38,2,43.66,0,0.0171,低
0250,37,5,202.51,0,0.0171,低
0996,1,2,31.560000000000002,0,0.017,低
0162,31,3,106.51,0,0.0169,低
0718,4,6,138.45,0,0.0169,低
0068,12,3,357.59,0,0.0168,低
0060,21,3,77.33,0,0.0168,低
0389,10,5,188.81,0,0.0167,低
1310,23,1,135.0,0,0.0163,低
1470,2,4,48.7,0,0.0162,低
1730,3,1,99.5,0,0.0162,低
0907,13,4,40.22,0,0.0162,低
0626,6,5,214.61,0,0.0162,低
0198,45,2,102.72,0,0.0161,低
0871,5,4,141.21,0,0.0161,低
0569,7,3,53.48,0,0.016,低
0201,0,5,192.77,0,0.0159,低
1471,16,1,10.5,0,0.0158,低
0118,1,5,146.94,0,0.0156,低
1553,12,1,39.73,0,0.0155,低
0056,11,8,121.32,0,0.0153,低
0348,13,7,198.9,0,0.0152,低
0398,15,5,125.01,0,0.0151,低
1762,1,1,29.3,0,0.0147,低
0012,7,21,1209.84,0,0.0146,低
0721,41,2,77.89,0,0.0145,低
0049,28,5,253.12,0,0.0145,低
0008,31,4,190.49,0,0.0143,低
0533,7,9,415.38,0,0.0142,低
1268,2,2,62.85,0,0.014,低
0003,4,7,428.36,0,0.0137,低
0878,32,3,102.73,0,0.0136,低
0862,0,3,126.49,0,0.0136,低
0121,22,11,208.05,0,0.0135,低
0752,7,5,325.6,0,0.0135,低
0911,3,6,493.49,0,0.0135,低
0741,12,3,95.5,0,0.0132,低
1031,11,3,49.9,0,0.0131,低
1450,3,5,97.8,1,0.0129,低
0619,10,8,437.22,0,0.0128,低
1212,23,2,154.29,0,0.0126,低
0167,45,3,133.56,0,0.0125,低
1365,20,1,45.66,0,0.0124,低
1609,7,2,112.87,0,0.0122,低
0730,37,3,174.70000000000002,0,0.0122,低
1083,4,3,260.89,0,0.0121,低
1346,21,1,15.3,0,0.0119,低
0913,10,8,489.85,0,0.0119,低
0441,30,7,308.08,0,0.0119,低
0382,12,3,230.99,0,0.0116,低
0816,25,4,171.49,0,0.0116,低
0689,36,5,61.34,0,0.0115,低
0677,2,7,629.59,0,0.0111,低
0304,13,15,701.1,0,0.0111,低
0075,19,8,205.04000000000002,0,0.011,低
0321,40,2,61.25,0,0.011,低
0270,17,10,407.68,0,0.0109,低
0731,4,6,48.05,0,0.0108,低
0421,18,5,214.11,0,0.0108,低
1133,7,8,688.4399999999999,0,0.0106,低
1059,30,2,40.63,0,0.0106,低
1011,0,3,62.08,0,0.0105,低
0189,17,5,179.78,0,0.0104,低
0231,0,11,665.25,0,0.0103,低
1671,6,1,22.54,0,0.0103,低
0857,4,3,312.24,0,0.0103,低
0847,1,7,496.40999999999997,0,0.0102,低
0253,4,2,32.04,0,0.0101,低
0331,35,4,62.59,0,0.01,低
0745,12,6,344.53,0,0.0099,低
0650,46,1,17.35,0,0.0099,低
0071,23,4,184.46,1,0.0098,低
0509,1,8,492.57,0,0.0097,低
0297,53,1,126.3,0,0.0097,低
0487,4,5,176.25,0,0.0096,低
0052,0,27,2332.35,0,0.0094,低
1748,2,1,6.970000000000001,0,0.0094,低
1272,4,2,73.38,0,0.0093,低
1757,1,1,14.8,0,0.0092,低
0353,11,9,318.49,0,0.0089,低
0372,5,13,791.76,0,0.0089,低
1733,3,1,12.8,0,0.0089,低
0144,0,12,734.08,0,0.0087,低
0512,18,7,195.71,0,0.0086,低
0572,25,3,33.93,0,0.0086,低
0698,17,5,264.13,0,0.0085,低
0676,0,3,86.38,0,0.0084,低
0879,16,3,120.02,0,0.0082,低
0661,0,4,115.98,0,0.0082,低
0354,15,4,308.5,0,0.0082,低
1240,5,5,171.28,0,0.0079,低
1765,0,1,61.18,0,0.0078,低
0629,44,2,50.72,0,0.0078,低
1097,2,3,185.96,0,0.0078,低
0087,6,10,475.37,0,0.0078,低
0657,46,1,11.97,0,0.0078,低
0142,9,19,596.73,0,0.0077,低
0591,45,2,77.8,0,0.0075,低
1215,4,7,932.16,0,0.0075,低
0104,32,3,91.38,0,0.0071,低
0732,25,4,196.81,0,0.007,低
0859,20,4,158.76,1,0.0069,低
0152,3,6,85.58,0,0.0068,低
0507,10,5,254.97,0,0.0067,低
1235,16,3,161.24,0,0.0067,低
0444,0,6,145.2,0,0.0066,低
0143,13,4,219.31,0,0.0066,低
0803,4,7,514.5600000000001,0,0.0063,低
1058,32,2,79.46,0,0.0061,低
1559,5,4,312.64,0,0.006,低
0119,11,4,383.76,0,0.0057,低
0402,15,3,135.86,0,0.0056,低
0013,0,5,168.0,0,0.0055,低
0811,4,6,125.78999999999999,0,0.0054,低
0609,0,5,301.86,0,0.0053,低
0093,17,13,373.2,0,0.0052,低
0819,0,4,296.95,0,0.0051,低
0593,0,3,65.63,0,0.005,低
0658,9,5,263.17,0,0.005,低
1712,0,2,31.9,0,0.0049,低
0151,1,11,503.44,0,0.0049,低
1254,10,2,78.10000000000001,0,0.0049,低
0157,56,1,12.440000000000001,0,0.0048,低
0181,15,12,514.08,0,0.0047,低
0563,3,7,348.74,0,0.0046,低
0969,9,5,318.58,0,0.0045,低
0573,12,4,386.63,0,0.0043,低
1246,0,6,368.55,0,0.0042,低
1528,11,2,104.6,0,0.0042,低
1444,3,4,328.44,0,0.0042,低
1119,7,5,531.64,0,0.0041,低
0484,13,5,292.1,0,0.004,低
0344,1,4,205.59,0,0.004,低
0095,11,8,99.0,0,0.004,低
0238,0,13,201.85,0,0.0039,低
0466,15,6,307.97,0,0.0039,低
0469,27,6,199.24,0,0.0038,低
0205,11,16,504.33,0,0.0038,低
0058,29,3,126.9,0,0.0038,低
1687,0,2,37.54,0,0.0037,低
0458,0,6,118.33,1,0.0036,低
0553,10,12,553.73,0,0.0036,低
0397,1,8,183.78,0,0.0036,低
0274,31,6,366.05,0,0.0036,低
0031,15,5,232.58,0,0.0036,低
0303,12,4,218.31,0,0.0036,低
0936,16,5,236.34,0,0.0036,低
0106,5,7,255.81,0,0.0036,低
0411,0,8,123.07,0,0.0035,低
0684,10,6,222.02,0,0.0035,低
0133,29,5,115.13,0,0.0035,低
0256,25,6,290.78,0,0.0035,低
0301,11,5,204.69,1,0.0035,低
1442,0,4,363.84,0,0.0035,低
0542,0,7,241.93,0,0.0033,低
0380,10,4,281.46999999999997,0,0.0033,低
0266,39,3,163.21,0,0.0033,低
0281,18,8,76.5,0,0.0032,低
0412,4,7,329.78,0,0.0032,低
0064,18,8,304.88,0,0.0032,低
0105,3,16,469.8,0,0.0032,低
0199,6,4,184.5,0,0.0032,低
0082,57,1,34.480000000000004,0,0.0031,低
0642,5,5,191.41,0,0.0031,低
0228,3,6,172.99,0,0.003,低
0875,40,1,76.2,0,0.003,低
0130,2,8,148.02,0,0.003,低
0113,7,9,268.43,0,0.003,低
0476,3,6,65.23,0,0.0029,低
1323,11,2,44.66,0,0.0029,低
0139,4,9,619.34,0,0.0027,低
0044,10,4,160.58,0,0.0027,低
0666,2,13,541.46,0,0.0026,低
0440,10,5,199.56,0,0.0025,低
0210,10,21,936.3,0,0.0024,低
0032,1,15,803.26,0,0.0023,低
0769,3,5,95.64,0,0.0023,低
0682,4,5,211.32,0,0.0023,低
0260,0,7,118.7,0,0.0023,低
0127,25,13,499.17,0,0.0022,低
0651,2,3,102.06,0,0.0022,低
0968,22,5,156.7,0,0.0021,低
0729,10,10,389.13,0,0.0021,低
0385,4,5,111.48,0,0.0021,低
0783,23,3,110.6,0,0.0021,低
0300,1,7,274.32,0,0.002,低
0835,0,8,143.65,0,0.0017,低
0183,10,9,415.96999999999997,0,0.0017,低
0614,10,7,256.15,0,0.0017,低
0235,1,10,315.8,0,0.0017,低
0461,11,10,367.77,0,0.0016,低
0212,2,18,651.93,0,0.0016,低
0261,0,5,229.88,0,0.0016,低
1562,2,5,287.49,0,0.0016,低
0792,1,6,250.55,0,0.0016,低
1170,1,4,282.58,0,0.0015,低
0061,1,10,272.39,0,0.0015,低
0853,1,5,160.77,0,0.0015,低
0204,13,7,219.84,0,0.0015,低
0754,10,4,92.87,0,0.0015,低
0845,12,6,112.11,0,0.0014,低
0506,12,6,166.17,0,0.0014,低
0978,3,3,63.55,0,0.0014,低
1292,4,8,177.23,0,0.0014,低
0190,23,8,332.21,0,0.0014,低
0146,6,10,394.78999999999996,0,0.0013,低
0051,1,22,646.53,0,0.0013,低
0287,12,4,166.36,0,0.0013,低
0227,0,4,117.08,0,0.0013,低
0215,6,8,301.51,0,0.0013,低
0034,1,15,407.71,0,0.0013,低
0733,3,6,198.55,0,0.0013,低
0038,10,8,379.8,0,0.0012,低
0726,11,6,351.02,1,0.0012,低
0805,11,5,186.73,0,0.0012,低
0474,2,10,313.35,0,0.0012,低
0267,4,12,427.97,0,0.0012,低
1653,2,2,38.65,0,0.001,低
1081,9,4,93.6,0,0.001,低
0070,1,9,223.59,0,0.001,低
0352,4,8,296.18,0,0.001,低
0405,30,6,76.25,0,0.0009,低
0383,4,8,136.33,0,0.0009,低
0750,12,6,243.85999999999999,0,0.0009,低
0037,6,8,386.66,0,0.0009,低
0308,0,6,294.39,0,0.0008,低
1743,0,3,84.99,0,0.0008,低
0592,1,10,347.2,0,0.0008,低
0020,1,8,240.01999999999998,0,0.0007,低
0081,0,26,511.54,0,0.0006,低
0404,16,6,326.6,0,0.0006,低
0950,2,8,361.06,0,0.0005,低
0145,4,9,405.08,0,0.0005,低
0516,8,9,296.74,1,0.0005,低
0454,1,10,318.56,0,0.0005,低
0284,2,8,108.55,0,0.0005,低
0381,13,5,194.76,0,0.0004,低
0415,0,7,269.85,0,0.0004,低
0236,4,5,206.13,0,0.0004,低
0242,4,7,291.01,0,0.0003,低
0621,15,9,348.52,0,0.0003,低
0400,2,13,366.95,0,0.0003,低
0963,0,8,259.63,0,0.0003,低
0102,0,15,253.07,0,0.0003,低
0396,15,12,164.52,0,0.0003,低
0203,3,11,382.0,0,0.0003,低
0039,0,13,201.16,0,0.0003,低
0163,13,6,264.04,0,0.0003,低
0337,3,9,278.12,0,0.0002,低
0309,4,9,315.59000000000003,0,0.0002,低
0675,0,9,367.1,0,0.0002,低
0497,1,15,269.9,0,0.0002,低
0024,1,18,322.71,0,0.0002,低
0999,3,8,321.96999999999997,0,0.0001,低
