user_id,预测uplift,交易数,segment,历史促销金额占比,发券决策,uplift排名
0985,200.13,2,促销敏感型2,0.5,发券,1
2544,103.004,1,流失预警型,1.0,发券,2
1154,94.995,2,类目集中型,0.0,发券,3
2272,88.159,1,类目集中型,0.0,发券,4
2186,71.82,2,生鲜高频型,0.0,发券,5
1588,58.934,1,促销敏感型2,1.0,发券,6
1448,52.395,2,促销敏感型2,1.0,发券,7
0586,49.239,1,类目集中型,0.0,发券,8
1557,49.053,4,促销敏感型2,0.5,发券,9
2498,44.049,1,流失预警型,1.0,发券,10
1082,42.472,5,促销敏感型,0.4,发券,11
0986,42.058,58,促销敏感型,0.155,发券,12
1645,40.145,2,促销敏感型2,0.0,发券,13
2271,38.054,4,类目集中型,0.0,发券,14
2525,35.915,1,促销敏感型2,0.0,发券,15
2527,30.906,3,生鲜高频型,0.0,发券,16
1861,29.289,2,类目集中型,1.0,发券,17
0972,29.248,4,流失预警型,0.25,发券,18
1483,27.342,2,促销敏感型2,1.0,发券,19
1578,27.078,1,类目集中型,0.0,发券,20
1611,25.815,4,促销敏感型2,1.0,发券,21
1468,25.514,3,促销敏感型2,0.333,发券,22
1780,25.274,3,高价值稳定型2,0.0,发券,23
1467,25.17,1,促销敏感型2,1.0,发券,24
1888,24.975,2,促销敏感型2,1.0,发券,25
2346,24.511,2,促销敏感型2,0.5,发券,26
2287,23.244,1,流失预警型,0.0,发券,27
2143,23.217,1,促销敏感型2,0.0,发券,28
2202,22.857,3,促销敏感型2,0.333,发券,29
2349,22.392,2,促销敏感型,0.5,发券,30
1643,22.104,5,促销敏感型2,1.0,发券,31
0463,21.698,1,流失预警型,0.0,发券,32
1642,21.614,1,促销敏感型,1.0,发券,33
2449,21.481,2,促销敏感型2,0.5,发券,34
2563,20.707,1,促销敏感型2,0.0,发券,35
1434,20.343,7,类目集中型,0.429,发券,36
2441,19.736,1,促销敏感型2,1.0,发券,37
2558,19.695,1,促销敏感型2,0.0,发券,38
0688,19.505,2,促销敏感型2,1.0,发券,39
2398,19.445,2,流失预警型,0.5,发券,40
2097,19.136,2,高价值稳定型2,0.0,发券,41
0817,18.934,2,促销敏感型,0.5,发券,42
2467,18.835,2,促销敏感型2,0.5,发券,43
2067,18.759,1,促销敏感型2,0.0,发券,44
2129,18.575,2,生鲜高频型,0.0,发券,45
1835,18.538,3,促销敏感型2,0.333,发券,46
2462,18.532,3,流失预警型,0.333,发券,47
1873,18.53,4,高价值稳定型2,0.25,发券,48
0737,18.47,7,促销敏感型,0.286,发券,49
1404,18.434,5,流失预警型,0.4,发券,50
1946,18.314,1,促销敏感型2,0.0,发券,51
1587,18.256,2,促销敏感型2,0.5,发券,52
0053,18.1,2,流失预警型,0.5,发券,53
1762,18.006,5,促销敏感型2,0.6,发券,54
2044,17.815,3,生鲜高频型,0.0,发券,55
1632,17.704,2,流失预警型,0.5,发券,56
0359,17.646,3,流失预警型,0.0,发券,57
1039,17.559,3,流失预警型,0.333,发券,58
1485,17.103,2,促销敏感型2,0.5,发券,59
2081,16.978,2,促销敏感型,0.5,发券,60
2599,16.909,4,促销敏感型2,0.25,发券,61
1429,16.786,1,促销敏感型2,1.0,发券,62
2606,16.699,1,促销敏感型2,1.0,发券,63
2256,16.598,2,促销敏感型2,0.5,发券,64
0873,16.518,3,流失预警型,0.667,发券,65
2228,16.041,9,高价值稳定型2,0.111,发券,66
0908,16.028,2,高价值稳定型,0.0,发券,67
1472,15.917,2,促销敏感型2,0.5,发券,68
0289,15.912,3,促销敏感型,0.333,发券,69
1517,15.899,6,流失预警型,0.333,发券,70
1917,15.637,3,促销敏感型2,0.333,发券,71
1251,15.249,1,促销敏感型2,1.0,发券,72
0054,15.188,3,生鲜高频型,0.667,发券,73
1220,14.851,5,促销敏感型,0.4,发券,74
2593,14.82,6,促销敏感型2,0.167,发券,75
2529,14.712,2,促销敏感型2,0.5,发券,76
0120,14.684,3,促销敏感型2,0.333,发券,77
0717,14.587,2,促销敏感型2,0.5,发券,78
2601,14.511,3,促销敏感型2,1.0,发券,79
1931,14.374,7,高价值稳定型2,0.286,发券,80
2351,14.326,3,促销敏感型2,0.333,发券,81
2481,14.265,2,促销敏感型2,1.0,发券,82
1144,13.923,4,促销敏感型2,0.0,发券,83
2347,13.882,2,促销敏感型,0.5,发券,84
2476,13.876,2,类目集中型,0.5,发券,85
0493,13.797,3,生鲜高频型,0.333,发券,86
0928,13.488,7,流失预警型,0.429,发券,87
1060,13.348,1,促销敏感型,1.0,发券,88
1032,13.286,1,促销敏感型,1.0,发券,89
1945,13.174,1,促销敏感型,1.0,发券,90
2066,12.912,2,促销敏感型,1.0,发券,91
1971,12.708,2,促销敏感型2,0.5,发券,92
1255,12.626,7,促销敏感型,0.571,发券,93
1089,12.59,1,促销敏感型,1.0,发券,94
1192,12.501,9,流失预警型,0.333,发券,95
0438,12.428,30,高价值稳定型,0.167,发券,96
2343,12.425,5,促销敏感型2,0.6,发券,97
0535,12.312,3,促销敏感型,0.667,发券,98
0920,12.172,4,促销敏感型2,1.0,发券,99
1159,12.169,1,促销敏感型2,1.0,发券,100
1438,12.054,4,促销敏感型2,0.5,发券,101
1709,12.01,1,类目集中型,1.0,发券,102
1677,11.998,4,高价值稳定型2,0.5,发券,103
0786,11.976,17,高价值稳定型2,0.235,发券,104
2194,11.953,8,高价值稳定型2,0.25,发券,105
1735,11.73,2,促销敏感型2,0.5,发券,106
2483,11.699,2,促销敏感型2,1.0,发券,107
1519,11.642,9,类目集中型,0.333,发券,108
1657,11.582,1,类目集中型,1.0,发券,109
2137,11.519,3,促销敏感型2,0.667,发券,110
2072,11.331,5,促销敏感型2,0.6,发券,111
1623,11.281,7,高价值稳定型2,0.429,发券,112
1686,11.089,2,促销敏感型,0.5,发券,113
2305,11.081,2,促销敏感型,0.5,发券,114
1887,11.078,3,促销敏感型2,0.333,发券,115
1984,11.044,2,促销敏感型2,1.0,发券,116
2325,10.94,2,促销敏感型2,0.5,发券,117
2088,10.778,2,促销敏感型2,0.5,发券,118
2139,10.621,3,促销敏感型2,0.667,发券,119
1533,10.618,5,促销敏感型2,0.4,发券,120
1848,10.152,2,促销敏感型2,1.0,发券,121
2377,10.093,3,促销敏感型2,0.333,发券,122
1871,9.862,5,类目集中型,0.4,发券,123
0852,9.85,2,促销敏感型2,0.5,发券,124
1504,9.558,4,促销敏感型2,1.0,发券,125
2231,9.528,2,促销敏感型2,0.0,发券,126
1446,9.211,3,类目集中型,0.333,发券,127
2594,9.164,2,促销敏感型,0.5,发券,128
1357,9.134,10,高价值稳定型2,0.6,发券,129
1651,8.924,3,促销敏感型2,0.667,发券,130
0125,8.839,1,促销敏感型2,1.0,发券,131
0296,8.827,3,促销敏感型2,0.333,发券,132
1530,8.748,4,促销敏感型,0.5,发券,133
1048,8.629,2,促销敏感型,0.5,发券,134
1841,8.367,1,类目集中型,1.0,发券,135
0607,8.344,8,流失预警型,0.125,发券,136
2395,8.166,4,高价值稳定型2,0.0,发券,137
1274,8.154,7,促销敏感型2,0.571,发券,138
1576,7.927,8,促销敏感型2,0.625,发券,139
0460,7.887,4,促销敏感型,0.75,发券,140
1854,7.81,6,高价值稳定型2,0.333,发券,141
1646,7.717,16,高价值稳定型2,0.062,发券,142
2279,7.679,3,促销敏感型2,0.333,发券,143
2597,7.542,3,促销敏感型2,0.667,发券,144
1502,7.429,7,生鲜高频型,0.0,发券,145
1157,7.408,1,促销敏感型2,1.0,发券,146
1106,7.278,10,流失预警型,0.2,发券,147
2546,7.215,8,高价值稳定型2,0.0,发券,148
1315,7.207,5,流失预警型,0.2,发券,149
1196,7.11,25,高价值稳定型2,0.24,发券,150
2179,7.019,2,促销敏感型2,0.5,发券,151
2474,7.013,4,促销敏感型2,0.25,发券,152
2500,6.979,3,促销敏感型2,0.667,发券,153
1666,6.926,4,促销敏感型,0.5,发券,154
1609,6.915,10,高价值稳定型2,0.5,发券,155
1603,6.905,23,高价值稳定型2,0.174,发券,156
2371,6.857,17,高价值稳定型2,0.059,发券,157
0626,6.823,30,高价值稳定型,0.133,发券,158
1031,6.761,10,高价值稳定型2,0.2,发券,159
1684,6.646,4,高价值稳定型2,0.0,发券,160
2265,6.525,14,高价值稳定型2,0.143,发券,161
1161,6.519,13,高价值稳定型2,0.462,发券,162
1389,6.481,8,高价值稳定型2,0.375,发券,163
1133,6.36,115,高价值稳定型,0.183,发券,164
1598,6.344,18,高价值稳定型2,0.222,发券,165
1610,6.297,1,促销敏感型2,1.0,发券,166
0283,6.281,2,促销敏感型2,1.0,发券,167
0473,6.234,3,流失预警型,0.333,发券,168
1972,6.191,4,促销敏感型2,0.75,发券,169
1528,6.164,15,高价值稳定型2,0.467,发券,170
1786,6.151,4,高价值稳定型2,0.25,发券,171
1821,6.149,1,促销敏感型2,1.0,发券,172
2580,6.111,2,促销敏感型2,0.5,发券,173
1956,6.092,8,高价值稳定型2,0.125,发券,174
1561,6.057,40,促销敏感型,0.3,发券,175
0836,6.054,52,高价值稳定型2,0.058,发券,176
2499,6.021,3,促销敏感型2,0.667,发券,177
1924,6.018,2,类目集中型,1.0,发券,178
2423,6.018,5,高价值稳定型2,0.6,发券,179
2497,5.989,2,促销敏感型,0.5,发券,180
1310,5.98,14,高价值稳定型2,0.286,发券,181
1231,5.976,10,促销敏感型,0.3,发券,182
1958,5.921,27,高价值稳定型2,0.407,发券,183
2336,5.833,5,促销敏感型2,0.6,发券,184
2332,5.756,6,高价值稳定型2,0.0,发券,185
0604,5.713,45,高价值稳定型2,0.067,发券,186
0184,5.666,5,流失预警型,0.4,发券,187
2205,5.649,4,高价值稳定型2,0.0,发券,188
1845,5.627,2,促销敏感型2,1.0,发券,189
1087,5.601,3,类目集中型,0.667,发券,190
1717,5.572,6,促销敏感型2,0.167,发券,191
1282,5.549,5,促销敏感型2,0.4,发券,192
1422,5.547,1,促销敏感型2,1.0,发券,193
0135,5.537,5,促销敏感型2,0.4,发券,194
2150,5.525,4,促销敏感型,0.75,发券,195
1994,5.482,4,类目集中型,0.25,发券,196
1710,5.395,1,促销敏感型2,0.0,发券,197
2239,5.353,2,促销敏感型2,0.0,发券,198
2609,5.348,5,促销敏感型2,0.6,发券,199
1621,5.344,6,促销敏感型,0.5,发券,200
2490,5.338,3,高价值稳定型2,0.333,发券,201
2103,5.325,9,高价值稳定型2,0.333,发券,202
0704,5.313,8,高价值稳定型2,0.375,发券,203
1644,5.28,11,高价值稳定型2,0.182,发券,204
0370,5.216,4,流失预警型,0.25,发券,205
0143,5.198,17,高价值稳定型2,0.529,发券,206
1351,5.189,10,流失预警型,0.5,发券,207
1109,5.183,10,促销敏感型2,0.5,发券,208
1375,5.18,7,促销敏感型2,0.571,发券,209
2175,5.177,10,高价值稳定型2,0.1,发券,210
0969,5.145,35,高价值稳定型,0.057,发券,211
1115,5.077,5,促销敏感型2,0.4,发券,212
0740,5.068,26,高价值稳定型,0.077,发券,213
1545,5.053,4,促销敏感型2,0.75,发券,214
2567,5.037,5,促销敏感型2,0.6,发券,215
1469,5.017,45,高价值稳定型,0.222,发券,216
1463,5.014,11,流失预警型,0.273,发券,217
1827,4.968,2,促销敏感型2,0.5,发券,218
2131,4.851,2,促销敏感型2,1.0,发券,219
0107,4.78,36,高价值稳定型2,0.167,发券,220
0442,4.606,16,高价值稳定型2,0.25,发券,221
1638,4.59,8,促销敏感型2,0.5,发券,222
0782,4.502,27,高价值稳定型2,0.222,发券,223
2142,4.5,3,促销敏感型2,0.333,发券,224
2595,4.423,2,流失预警型,1.0,发券,225
0892,4.417,13,生鲜高频型,0.0,发券,226
1450,4.407,10,促销敏感型,0.9,发券,227
2301,4.396,16,高价值稳定型2,0.25,发券,228
0945,4.366,5,促销敏感型2,0.8,发券,229
2514,4.36,2,促销敏感型2,0.5,发券,230
2509,4.329,10,高价值稳定型2,0.1,发券,231
2394,4.29,3,类目集中型,0.667,发券,232
1637,4.255,1,促销敏感型2,1.0,发券,233
1560,4.255,21,高价值稳定型2,0.381,发券,234
1900,4.247,37,高价值稳定型2,0.568,发券,235
1784,4.233,21,高价值稳定型,0.095,发券,236
1991,4.205,13,高价值稳定型2,0.462,发券,237
1311,4.146,8,促销敏感型2,0.625,发券,238
2374,4.111,7,高价值稳定型2,0.143,发券,239
1128,4.093,9,生鲜高频型,0.222,发券,240
1002,4.075,14,高价值稳定型2,0.071,发券,241
1523,4.069,6,高价值稳定型2,0.5,发券,242
1047,4.048,8,促销敏感型2,0.125,发券,243
0997,4.044,11,高价值稳定型2,0.364,发券,244
0573,4.022,35,高价值稳定型,0.114,发券,245
2108,4.016,6,高价值稳定型2,0.167,发券,246
2046,4.007,5,类目集中型,0.2,发券,247
1607,3.962,3,促销敏感型2,0.667,发券,248
1898,3.962,14,高价值稳定型2,0.643,发券,249
1350,3.928,4,流失预警型,0.25,发券,250
2532,3.927,11,高价值稳定型2,0.091,发券,251
0266,3.921,38,高价值稳定型,0.184,发券,252
1035,3.917,11,高价值稳定型2,0.364,发券,253
2087,3.903,6,促销敏感型,0.333,发券,254
2149,3.902,3,促销敏感型2,0.667,发券,255
2503,3.901,2,促销敏感型2,0.5,发券,256
2611,3.876,1,促销敏感型2,1.0,发券,257
0116,3.87,2,促销敏感型,0.5,发券,258
1230,3.861,41,高价值稳定型,0.122,发券,259
0729,3.851,67,高价值稳定型,0.03,发券,260
0787,3.848,31,高价值稳定型,0.419,发券,261
0611,3.83,5,促销敏感型2,0.8,发券,262
0638,3.797,3,促销敏感型,0.667,发券,263
1480,3.779,7,促销敏感型2,0.429,发券,264
0678,3.769,6,高价值稳定型2,0.333,发券,265
1559,3.766,110,高价值稳定型,0.082,发券,266
1630,3.76,18,高价值稳定型2,0.278,发券,267
1722,3.754,6,高价值稳定型,0.0,发券,268
2542,3.742,4,促销敏感型2,0.5,发券,269
1276,3.722,8,类目集中型,0.5,发券,270
1198,3.72,14,类目集中型,0.0,发券,271
1216,3.704,28,高价值稳定型,0.214,发券,272
1221,3.703,9,流失预警型,0.111,发券,273
1454,3.699,12,促销敏感型,0.667,发券,274
2452,3.69,10,高价值稳定型2,0.2,发券,275
0195,3.678,2,促销敏感型2,0.5,发券,276
0129,3.676,14,高价值稳定型,0.143,发券,277
0768,3.648,9,高价值稳定型2,0.222,发券,278
2447,3.633,4,促销敏感型2,0.75,发券,279
0831,3.62,18,高价值稳定型,0.0,发券,280
1563,3.61,13,类目集中型,0.308,发券,281
0355,3.603,48,高价值稳定型,0.188,发券,282
2153,3.565,5,促销敏感型,0.4,发券,283
2251,3.557,54,高价值稳定型2,0.056,发券,284
1063,3.551,6,高价值稳定型,0.5,发券,285
1650,3.551,2,促销敏感型,0.5,发券,286
0367,3.547,17,高价值稳定型2,0.118,发券,287
1941,3.53,5,类目集中型,0.0,发券,288
1436,3.515,8,促销敏感型2,0.875,发券,289
0993,3.51,10,促销敏感型2,0.5,发券,290
0336,3.489,20,高价值稳定型2,0.3,发券,291
2507,3.476,23,高价值稳定型2,0.174,发券,292
0073,3.472,112,高价值稳定型,0.196,发券,293
0783,3.462,89,高价值稳定型,0.112,发券,294
1119,3.444,74,高价值稳定型,0.216,发券,295
2451,3.428,2,促销敏感型2,0.5,发券,296
2190,3.426,5,促销敏感型,0.0,发券,297
0123,3.424,3,促销敏感型2,0.333,发券,298
1331,3.415,7,类目集中型,0.286,发券,299
1537,3.41,8,促销敏感型2,0.625,发券,300
2053,3.402,19,高价值稳定型,0.105,发券,301
0341,3.398,10,促销敏感型,0.3,发券,302
1431,3.382,4,促销敏感型2,0.75,发券,303
0455,3.361,1,促销敏感型2,1.0,发券,304
0670,3.345,16,促销敏感型,0.188,发券,305
1105,3.32,50,高价值稳定型,0.32,发券,306
1272,3.315,16,高价值稳定型2,0.25,发券,307
1342,3.314,11,高价值稳定型2,0.455,发券,308
0401,3.312,4,促销敏感型2,0.5,发券,309
2259,3.305,6,高价值稳定型2,0.0,发券,310
1367,3.283,4,促销敏感型2,0.25,发券,311
1932,3.277,2,促销敏感型2,0.5,发券,312
0196,3.277,39,高价值稳定型2,0.077,发券,313
0011,3.266,9,生鲜高频型,0.0,发券,314
1792,3.265,12,高价值稳定型2,0.25,发券,315
0396,3.235,73,高价值稳定型,0.26,发券,316
1815,3.23,24,高价值稳定型2,0.292,发券,317
2022,3.219,15,促销敏感型,0.467,发券,318
2178,3.217,3,促销敏感型2,0.667,发券,319
0180,3.184,8,类目集中型,0.125,发券,320
1406,3.152,4,生鲜高频型,0.0,发券,321
2496,3.149,3,促销敏感型2,0.333,发券,322
0752,3.143,50,高价值稳定型2,0.18,发券,323
0179,3.141,31,高价值稳定型2,0.129,发券,324
1495,3.134,17,类目集中型,0.059,发券,325
2361,3.127,7,高价值稳定型2,0.143,发券,326
2463,3.115,3,促销敏感型2,0.0,发券,327
0181,3.089,73,高价值稳定型,0.096,发券,328
2574,3.079,4,类目集中型,0.25,发券,329
2495,3.07,3,促销敏感型2,0.667,发券,330
1877,3.06,8,高价值稳定型2,0.0,发券,331
1891,3.048,4,促销敏感型2,0.5,发券,332
1249,3.046,14,促销敏感型,0.571,发券,333
0301,3.035,26,高价值稳定型,0.269,发券,334
0032,3.016,161,高价值稳定型,0.118,发券,335
0236,3.005,86,高价值稳定型,0.081,发券,336
2303,2.996,15,高价值稳定型2,0.267,发券,337
0357,2.993,19,高价值稳定型,0.0,发券,338
0906,2.989,17,高价值稳定型2,0.118,发券,339
0866,2.984,52,高价值稳定型,0.077,发券,340
2295,2.95,10,高价值稳定型2,0.3,发券,341
1210,2.941,8,流失预警型,0.375,发券,342
0726,2.926,42,高价值稳定型,0.167,发券,343
0345,2.91,9,促销敏感型2,0.222,发券,344
1033,2.907,13,促销敏感型,0.231,发券,345
0030,2.901,3,促销敏感型2,0.333,发券,346
0447,2.884,15,高价值稳定型2,0.267,发券,347
0436,2.868,15,高价值稳定型,0.067,发券,348
0968,2.865,73,高价值稳定型,0.164,发券,349
1001,2.862,11,高价值稳定型2,0.364,发券,350
2354,2.861,1,类目集中型,1.0,发券,351
2080,2.846,31,高价值稳定型,0.065,发券,352
1482,2.828,16,高价值稳定型2,0.312,发券,353
0716,2.815,74,高价值稳定型,0.135,发券,354
1562,2.797,98,高价值稳定型,0.092,发券,355
1767,2.796,7,促销敏感型,0.286,发券,356
1549,2.793,3,促销敏感型,0.333,发券,357
0176,2.791,23,高价值稳定型,0.087,发券,358
0023,2.784,2,流失预警型,0.5,发券,359
0863,2.769,9,高价值稳定型2,0.222,发券,360
0904,2.769,7,生鲜高频型,0.143,发券,361
1743,2.767,30,高价值稳定型2,0.233,发券,362
0321,2.765,18,高价值稳定型2,0.167,发券,363
0516,2.75,48,高价值稳定型,0.208,发券,364
0665,2.716,8,促销敏感型2,0.625,发券,365
0627,2.715,30,高价值稳定型,0.233,发券,366
1810,2.7,6,高价值稳定型2,0.167,发券,367
0952,2.661,15,促销敏感型2,0.667,发券,368
1253,2.657,1,促销敏感型,1.0,发券,369
0265,2.641,80,高价值稳定型,0.025,发券,370
1961,2.629,3,类目集中型,0.0,发券,371
0792,2.625,23,高价值稳定型,0.391,发券,372
2171,2.616,3,促销敏感型2,0.667,发券,373
0840,2.6,7,促销敏感型,0.714,发券,374
0453,2.599,31,高价值稳定型,0.065,发券,375
0201,2.588,30,高价值稳定型2,0.1,发券,376
0293,2.586,10,生鲜高频型,0.2,发券,377
0694,2.583,7,类目集中型,0.571,发券,378
2591,2.571,3,促销敏感型2,1.0,发券,379
1613,2.568,14,高价值稳定型2,0.214,发券,380
0741,2.554,15,高价值稳定型2,0.067,发券,381
1172,2.548,10,高价值稳定型2,0.1,发券,382
1899,2.542,16,高价值稳定型2,0.25,发券,383
1979,2.531,37,高价值稳定型2,0.054,发券,384
1277,2.527,15,流失预警型,0.133,发券,385
0597,2.513,32,高价值稳定型,0.156,发券,386
1213,2.499,7,促销敏感型2,0.429,发券,387
1474,2.481,19,促销敏感型,0.421,发券,388
1970,2.475,9,高价值稳定型,0.222,发券,389
0421,2.474,41,高价值稳定型2,0.122,发券,390
0579,2.464,10,高价值稳定型,0.2,发券,391
0572,2.461,22,高价值稳定型2,0.182,发券,392
0758,2.46,150,高价值稳定型,0.0,发券,393
0144,2.459,128,高价值稳定型,0.062,发券,394
1271,2.453,16,高价值稳定型2,0.062,发券,395
0657,2.445,22,高价值稳定型2,0.182,发券,396
1162,2.441,4,促销敏感型,0.25,发券,397
1952,2.438,5,促销敏感型2,0.2,发券,398
0210,2.433,265,高价值稳定型,0.057,发券,399
0046,2.417,45,高价值稳定型,0.111,发券,400
0061,2.417,117,高价值稳定型,0.299,发券,401
0007,2.411,25,高价值稳定型2,0.16,发券,402
0474,2.408,57,高价值稳定型2,0.07,发券,403
1070,2.395,15,流失预警型,0.0,发券,404
0223,2.389,128,高价值稳定型,0.0,发券,405
2130,2.381,6,类目集中型,0.5,发券,406
0378,2.371,20,高价值稳定型2,0.25,发券,407
0553,2.371,137,高价值稳定型,0.088,发券,408
1444,2.35,39,高价值稳定型2,0.205,发券,409
1058,2.348,22,高价值稳定型2,0.273,发券,410
1881,2.346,16,高价值稳定型2,0.188,发券,411
2548,2.344,2,促销敏感型2,1.0,发券,412
0383,2.34,34,高价值稳定型2,0.118,发券,413
1258,2.34,9,高价值稳定型2,0.0,发券,414
0425,2.339,21,高价值稳定型2,0.286,发券,415
0763,2.334,95,高价值稳定型,0.095,发券,416
0999,2.333,76,高价值稳定型,0.132,发券,417
2535,2.332,10,高价值稳定型2,0.2,发券,418
2028,2.323,3,促销敏感型2,0.667,发券,419
2373,2.317,11,高价值稳定型2,0.364,发券,420
2249,2.303,15,高价值稳定型2,0.133,发券,421
1819,2.296,3,生鲜高频型,0.0,发券,422
0695,2.295,1,促销敏感型2,1.0,发券,423
0548,2.293,61,高价值稳定型2,0.115,发券,424
2083,2.284,8,生鲜高频型,0.125,发券,425
0082,2.274,9,促销敏感型,0.111,发券,426
2410,2.273,6,促销敏感型2,0.333,发券,427
0692,2.269,3,流失预警型,0.333,发券,428
2572,2.265,6,生鲜高频型,0.0,发券,429
0732,2.261,77,高价值稳定型,0.117,发券,430
0298,2.248,26,高价值稳定型2,0.423,发券,431
1077,2.245,20,流失预警型,0.05,发券,432
0093,2.245,137,高价值稳定型,0.051,发券,433
1811,2.24,8,高价值稳定型,0.0,发券,434
0204,2.238,87,高价值稳定型,0.069,发券,435
0538,2.236,34,高价值稳定型2,0.088,发券,436
0547,2.228,89,高价值稳定型,0.135,发券,437
1158,2.227,14,高价值稳定型2,0.071,发券,438
1013,2.223,24,高价值稳定型2,0.25,发券,439
0744,2.221,6,流失预警型,0.167,发券,440
0998,2.216,14,促销敏感型,0.357,发券,441
2376,2.212,4,生鲜高频型,0.0,发券,442
0300,2.205,53,高价值稳定型2,0.17,发券,443
2294,2.199,8,生鲜高频型,0.0,发券,444
2551,2.181,12,生鲜高频型,0.0,发券,445
1565,2.172,14,高价值稳定型2,0.5,发券,446
0189,2.129,19,高价值稳定型2,0.211,发券,447
1580,2.128,8,高价值稳定型2,0.25,发券,448
0309,2.123,85,高价值稳定型,0.059,发券,449
1973,2.12,24,高价值稳定型2,0.042,发券,450
0879,2.112,20,高价值稳定型,0.2,发券,451
2196,2.108,1,促销敏感型2,0.0,发券,452
2362,2.105,25,高价值稳定型2,0.08,发券,453
0643,2.098,6,高价值稳定型,0.167,发券,454
1635,2.095,4,促销敏感型,0.75,发券,455
1145,2.094,3,类目集中型,0.667,发券,456
1211,2.092,30,高价值稳定型2,0.233,发券,457
1923,2.082,8,促销敏感型2,0.5,发券,458
0020,2.076,59,高价值稳定型,0.153,发券,459
1569,2.076,7,促销敏感型,0.286,发券,460
1417,2.075,6,类目集中型,0.167,发券,461
0269,2.074,52,高价值稳定型,0.115,发券,462
1433,2.067,8,高价值稳定型2,0.0,发券,463
2431,2.063,15,高价值稳定型2,0.2,发券,464
1615,2.05,5,促销敏感型,0.4,发券,465
0417,2.044,12,高价值稳定型2,0.333,发券,466
1668,2.04,28,高价值稳定型2,0.107,发券,467
0242,2.039,65,高价值稳定型,0.123,发券,468
0942,2.035,3,高价值稳定型2,0.333,发券,469
0616,2.033,16,高价值稳定型,0.125,发券,470
0457,2.022,10,高价值稳定型,0.3,发券,471
0651,2.004,32,高价值稳定型,0.438,发券,472
0693,1.997,7,促销敏感型,0.714,发券,473
0381,1.989,59,高价值稳定型,0.254,发券,474
2487,1.973,2,促销敏感型2,0.5,发券,475
0973,1.96,30,高价值稳定型2,0.2,发券,476
2445,1.959,5,促销敏感型,0.4,发券,477
0851,1.954,27,高价值稳定型2,0.185,发券,478
2556,1.954,4,类目集中型,0.25,发券,479
0405,1.94,43,高价值稳定型,0.302,发券,480
0502,1.939,3,流失预警型,0.0,发券,481
1452,1.939,20,高价值稳定型2,0.3,发券,482
0072,1.922,59,高价值稳定型,0.034,发券,483
2388,1.919,9,高价值稳定型2,0.444,发券,484
0808,1.917,17,高价值稳定型,0.118,发券,485
2019,1.913,16,高价值稳定型,0.188,发券,486
2240,1.906,6,生鲜高频型,0.0,发券,487
1227,1.905,12,高价值稳定型2,0.167,发券,488
2033,1.9,6,促销敏感型2,0.167,发券,489
0550,1.89,2,促销敏感型2,0.5,发券,490
2380,1.885,9,促销敏感型,0.0,发券,491
0215,1.88,128,高价值稳定型,0.078,发券,492
1509,1.879,36,高价值稳定型2,0.25,发券,493
1296,1.879,1,促销敏感型2,1.0,发券,494
1294,1.869,3,流失预警型,0.667,发券,495
1688,1.867,15,高价值稳定型2,0.067,发券,496
1653,1.863,20,高价值稳定型2,0.35,发券,497
0031,1.862,114,高价值稳定型,0.132,发券,498
0360,1.86,5,促销敏感型2,0.2,发券,499
1171,1.852,11,高价值稳定型2,0.091,发券,500
0650,1.852,20,高价值稳定型2,0.3,发券,501
0498,1.846,9,类目集中型,0.444,发券,502
1531,1.844,2,类目集中型,0.5,发券,503
2518,1.84,7,高价值稳定型2,0.143,发券,504
0983,1.837,22,高价值稳定型2,0.273,发券,505
1830,1.833,6,高价值稳定型2,0.333,发券,506
2226,1.821,3,促销敏感型2,0.0,发券,507
0528,1.82,8,流失预警型,0.125,发券,508
1916,1.816,10,类目集中型,0.2,发券,509
0980,1.814,18,高价值稳定型2,0.167,发券,510
1797,1.81,5,类目集中型,0.2,发券,511
1314,1.807,71,高价值稳定型,0.014,发券,512
0731,1.805,36,高价值稳定型2,0.028,发券,513
2338,1.797,14,类目集中型,0.0,发券,514
2403,1.796,13,类目集中型,0.154,发券,515
0439,1.795,40,高价值稳定型,0.1,发券,516
0114,1.783,17,高价值稳定型2,0.235,发券,517
1377,1.771,3,类目集中型,0.333,发券,518
0556,1.769,51,高价值稳定型,0.118,发券,519
1129,1.764,12,促销敏感型2,0.75,发券,520
1715,1.751,14,高价值稳定型2,0.143,发券,521
0646,1.74,24,高价值稳定型2,0.167,发券,522
0402,1.737,38,高价值稳定型2,0.289,发券,523
0560,1.729,21,高价值稳定型,0.143,发券,524
0959,1.729,17,促销敏感型,0.176,发券,525
0382,1.723,31,高价值稳定型2,0.129,发券,526
2113,1.721,10,类目集中型,0.4,发券,527
0662,1.705,13,高价值稳定型2,0.231,发券,528
0489,1.704,15,高价值稳定型,0.0,发券,529
1137,1.685,11,高价值稳定型2,0.182,发券,530
2464,1.683,28,高价值稳定型,0.036,发券,531
2224,1.67,4,促销敏感型,0.25,发券,532
0227,1.67,60,高价值稳定型,0.217,发券,533
1092,1.665,12,高价值稳定型,0.083,发券,534
1612,1.647,20,高价值稳定型,0.55,发券,535
1043,1.644,21,高价值稳定型,0.095,发券,536
1036,1.64,34,高价值稳定型,0.294,发券,537
0380,1.637,45,高价值稳定型,0.244,发券,538
0603,1.635,5,生鲜高频型,0.0,发券,539
1516,1.632,12,生鲜高频型,0.0,发券,540
0644,1.615,59,高价值稳定型,0.051,发券,541
0730,1.615,72,高价值稳定型,0.222,发券,542
0843,1.607,65,高价值稳定型2,0.123,发券,543
0109,1.605,10,高价值稳定型2,0.4,发券,544
2115,1.603,17,高价值稳定型2,0.118,发券,545
0569,1.602,24,高价值稳定型,0.125,发券,546
0398,1.593,96,高价值稳定型,0.052,发券,547
1288,1.592,40,高价值稳定型,0.175,发券,548
0091,1.589,107,高价值稳定型,0.121,发券,549
1268,1.582,29,高价值稳定型,0.138,发券,550
1122,1.572,45,高价值稳定型,0.044,发券,551
2492,1.572,7,促销敏感型,0.143,发券,552
0002,1.567,22,促销敏感型,0.227,发券,553
2176,1.56,3,促销敏感型2,0.667,发券,554
0672,1.557,13,高价值稳定型2,0.231,发券,555
0081,1.554,129,高价值稳定型,0.109,发券,556
0249,1.548,76,高价值稳定型,0.171,发券,557
1663,1.547,2,促销敏感型2,1.0,发券,558
0454,1.545,124,高价值稳定型,0.137,发券,559
0313,1.541,26,高价值稳定型2,0.269,发券,560
0766,1.538,43,高价值稳定型,0.093,发券,561
1518,1.534,7,流失预警型,0.143,发券,562
0142,1.533,146,高价值稳定型,0.219,发券,563
0064,1.532,58,高价值稳定型,0.086,发券,564
0408,1.527,44,高价值稳定型,0.136,发券,565
0487,1.524,57,高价值稳定型,0.175,发券,566
0484,1.522,81,高价值稳定型,0.123,发券,567
0024,1.519,159,高价值稳定型,0.101,发券,568
1570,1.502,11,高价值稳定型2,0.091,发券,569
2003,1.498,59,高价值稳定型,0.068,发券,570
0385,1.497,42,高价值稳定型,0.167,发券,571
0372,1.496,171,高价值稳定型,0.257,发券,572
2134,1.49,19,高价值稳定型2,0.211,发券,573
0228,1.489,29,高价值稳定型,0.172,发券,574
0084,1.481,107,高价值稳定型,0.252,发券,575
1950,1.48,53,高价值稳定型2,0.094,发券,576
1705,1.472,7,生鲜高频型,0.0,发券,577
2102,1.471,7,类目集中型,0.143,发券,578
0308,1.465,41,高价值稳定型,0.146,发券,579
1336,1.454,13,高价值稳定型,0.308,发券,580
0804,1.452,57,高价值稳定型,0.123,发券,581
0146,1.447,73,高价值稳定型,0.192,发券,582
2339,1.444,7,高价值稳定型2,0.286,发券,583
0346,1.444,35,高价值稳定型,0.457,发券,584
1384,1.439,8,生鲜高频型,0.25,发券,585
1694,1.439,23,高价值稳定型2,0.0,发券,586
1583,1.432,7,流失预警型,0.143,发券,587
0472,1.432,10,促销敏感型2,0.3,发券,588
0859,1.43,20,高价值稳定型,0.25,发券,589
0593,1.427,42,高价值稳定型,0.214,发券,590
1240,1.426,50,高价值稳定型,0.12,发券,591
0739,1.418,17,促销敏感型,0.353,发券,592
1153,1.416,28,高价值稳定型,0.179,发券,593
0599,1.411,21,高价值稳定型2,0.048,发券,594
1601,1.411,9,高价值稳定型2,0.222,发券,595
1127,1.405,13,流失预警型,0.385,发券,596
0924,1.405,30,高价值稳定型2,0.167,发券,597
1430,1.404,7,生鲜高频型,0.0,发券,598
1411,1.403,2,类目集中型,1.0,发券,599
2491,1.401,4,生鲜高频型,0.25,发券,600
0682,1.394,55,高价值稳定型,0.073,发券,601
1840,1.391,16,高价值稳定型,0.312,发券,602
2340,1.388,3,促销敏感型2,0.333,发券,603
0026,1.385,21,高价值稳定型,0.19,发券,604
1777,1.385,14,生鲜高频型,0.0,发券,605
1712,1.384,25,高价值稳定型,0.16,发券,606
0238,1.383,57,高价值稳定型,0.088,发券,607
1704,1.378,9,类目集中型,0.222,发券,608
0883,1.354,14,高价值稳定型2,0.143,发券,609
1078,1.35,14,促销敏感型,0.286,发券,610
0376,1.35,9,生鲜高频型,0.333,发券,611
0770,1.342,24,高价值稳定型2,0.292,发券,612
1466,1.341,9,高价值稳定型2,0.333,发券,613
1720,1.324,8,流失预警型,0.125,发券,614
2531,1.323,6,高价值稳定型2,0.0,发券,615
2554,1.316,2,促销敏感型2,0.5,发券,616
1808,1.313,3,高价值稳定型2,0.333,发券,617
2456,1.307,15,高价值稳定型,0.2,发券,618
0270,1.29,86,高价值稳定型,0.256,发券,619
1212,1.289,45,高价值稳定型,0.156,发券,620
0305,1.286,6,流失预警型,0.333,发券,621
2549,1.284,10,高价值稳定型2,0.1,发券,622
0970,1.274,18,促销敏感型,0.167,发券,623
1708,1.273,29,高价值稳定型,0.103,发券,624
0095,1.273,43,高价值稳定型,0.186,发券,625
0304,1.269,159,高价值稳定型,0.063,发券,626
1846,1.269,25,高价值稳定型,0.08,发券,627
1738,1.268,11,高价值稳定型2,0.364,发券,628
0280,1.266,36,高价值稳定型,0.167,发券,629
0647,1.261,19,高价值稳定型2,0.158,发券,630
1290,1.261,17,类目集中型,0.176,发券,631
0325,1.258,10,高价值稳定型,0.1,发券,632
1121,1.256,10,高价值稳定型2,0.2,发券,633
1170,1.252,67,高价值稳定型,0.194,发券,634
0240,1.249,12,高价值稳定型2,0.083,发券,635
1733,1.246,44,高价值稳定型,0.091,发券,636
0771,1.243,6,促销敏感型2,0.167,发券,637
0316,1.242,41,高价值稳定型,0.22,发券,638
1858,1.237,23,高价值稳定型,0.13,发券,639
1595,1.232,32,高价值稳定型,0.156,发券,640
0330,1.228,13,高价值稳定型,0.077,发券,641
0878,1.224,29,高价值稳定型,0.138,发券,642
1016,1.222,9,促销敏感型,0.444,发券,643
0415,1.218,41,高价值稳定型,0.244,发券,644
0849,1.215,34,高价值稳定型2,0.353,发券,645
0936,1.214,107,高价值稳定型,0.103,发券,646
0990,1.211,11,高价值稳定型,0.182,发券,647
2193,1.208,4,高价值稳定型2,0.0,发券,648
2334,1.206,9,高价值稳定型2,0.444,发券,649
0042,1.204,16,高价值稳定型2,0.125,发券,650
1407,1.204,6,促销敏感型,0.167,发券,651
0625,1.202,29,高价值稳定型,0.207,发券,652
1305,1.194,39,高价值稳定型2,0.077,发券,653
2391,1.185,6,类目集中型,0.167,发券,654
0684,1.178,41,高价值稳定型,0.293,发券,655
0051,1.177,213,高价值稳定型,0.103,发券,656
0075,1.177,108,高价值稳定型,0.148,发券,657
1553,1.174,37,高价值稳定型,0.135,发券,658
0963,1.173,69,高价值稳定型,0.159,发券,659
0281,1.168,43,高价值稳定型,0.186,发券,660
0434,1.162,18,高价值稳定型2,0.278,发券,661
2049,1.156,5,促销敏感型2,0.0,发券,662
0676,1.152,35,高价值稳定型2,0.143,发券,663
1540,1.152,7,促销敏感型2,0.286,发券,664
2210,1.149,19,高价值稳定型,0.211,发券,665
2386,1.147,16,高价值稳定型2,0.312,发券,666
0092,1.145,142,高价值稳定型,0.028,发券,667
2185,1.136,22,高价值稳定型2,0.273,发券,668
0769,1.135,63,高价值稳定型,0.111,发券,669
1470,1.133,44,高价值稳定型,0.159,发券,670
1200,1.129,31,高价值稳定型,0.161,发券,671
0167,1.129,28,高价值稳定型2,0.214,发券,672
1592,1.128,22,高价值稳定型2,0.136,发券,673
1187,1.125,55,高价值稳定型,0.236,发券,674
1380,1.123,7,促销敏感型2,0.143,发券,675
2105,1.12,20,高价值稳定型,0.3,发券,676
1839,1.118,68,高价值稳定型,0.221,发券,677
1103,1.118,9,高价值稳定型2,0.333,发券,678
1246,1.113,55,高价值稳定型,0.164,发券,679
0205,1.106,125,高价值稳定型,0.072,发券,680
0891,1.101,12,生鲜高频型,0.0,发券,681
0721,1.099,22,高价值稳定型,0.273,发券,682
0224,1.089,3,促销敏感型2,0.333,发券,683
1365,1.088,28,高价值稳定型,0.143,发券,684
0337,1.085,56,高价值稳定型,0.036,发券,685
0727,1.067,11,高价值稳定型2,0.182,发券,686
2475,1.063,9,高价值稳定型2,0.222,发券,687
0666,1.061,98,高价值稳定型,0.245,发券,688
1191,1.06,3,促销敏感型2,1.0,发券,689
2521,1.058,5,生鲜高频型,0.0,发券,690
2508,1.055,26,高价值稳定型2,0.077,发券,691
0512,1.054,40,高价值稳定型,0.1,发券,692
0907,1.053,15,高价值稳定型,0.2,发券,693
0348,1.05,88,高价值稳定型,0.125,发券,694
1292,1.043,22,促销敏感型,0.136,发券,695
1473,1.035,4,流失预警型,0.75,发券,696
1038,1.033,6,生鲜高频型,0.0,发券,697
0451,1.028,5,类目集中型,0.2,发券,698
1631,1.022,40,高价值稳定型2,0.1,发券,699
0441,1.021,75,高价值稳定型,0.067,发券,700
0400,1.02,144,高价值稳定型,0.146,发券,701
0642,1.014,84,高价值稳定型,0.214,发券,702
1190,1.002,27,高价值稳定型,0.0,发券,703
2040,1.001,2,生鲜高频型,0.0,发券,704
2485,0.993,4,促销敏感型2,0.25,发券,705
1486,0.982,13,高价值稳定型2,0.308,发券,706
1355,0.981,11,促销敏感型,0.364,发券,707
0506,0.981,43,高价值稳定型2,0.163,发券,708
2172,0.98,16,高价值稳定型2,0.125,发券,709
1880,0.979,10,高价值稳定型2,0.1,发券,710
1130,0.979,33,高价值稳定型,0.212,发券,711
1163,0.978,13,促销敏感型,0.308,发券,712
0661,0.97,33,高价值稳定型,0.152,发券,713
0060,0.97,31,高价值稳定型,0.29,发券,714
0260,0.969,110,高价值稳定型,0.055,发券,715
0102,0.969,89,高价值稳定型,0.135,发券,716
0034,0.966,128,高价值稳定型,0.32,发券,717
2478,0.955,3,促销敏感型2,0.333,发券,718
1261,0.951,3,流失预警型,0.333,发券,719
1307,0.943,4,流失预警型,0.25,发券,720
0006,0.939,21,高价值稳定型,0.095,发券,721
0231,0.936,168,高价值稳定型,0.089,发券,722
0780,0.935,28,高价值稳定型,0.071,发券,723
0623,0.929,14,高价值稳定型2,0.214,发券,724
1626,0.92,4,类目集中型,1.0,发券,725
1037,0.92,23,高价值稳定型2,0.522,发券,726
0667,0.918,11,流失预警型,0.182,发券,727
0306,0.917,47,高价值稳定型,0.191,发券,728
0070,0.91,59,高价值稳定型,0.034,发券,729
2148,0.905,6,促销敏感型2,0.167,发券,730
0386,0.9,11,高价值稳定型,0.182,发券,731
0044,0.893,42,高价值稳定型,0.119,发券,732
2107,0.89,10,高价值稳定型2,0.2,发券,733
1765,0.886,105,高价值稳定型,0.238,发券,734
1812,0.886,52,高价值稳定型,0.058,发券,735
1616,0.883,29,高价值稳定型2,0.241,发券,736
0815,0.882,3,生鲜高频型,0.0,发券,737
0152,0.874,25,高价值稳定型,0.04,发券,738
1302,0.872,8,高价值稳定型2,0.125,发券,739
2328,0.86,5,促销敏感型2,0.2,发券,740
0366,0.86,3,生鲜高频型,0.0,发券,741
2062,0.86,35,高价值稳定型2,0.171,发券,742
1787,0.855,22,高价值稳定型2,0.409,发券,743
1090,0.851,7,生鲜高频型,0.0,发券,744
0047,0.849,192,高价值稳定型,0.094,发券,745
1679,0.843,7,高价值稳定型,0.286,发券,746
2156,0.84,12,类目集中型,0.0,发券,747
2123,0.837,28,高价值稳定型2,0.143,发券,748
0261,0.834,81,高价值稳定型,0.21,发券,749
0214,0.832,6,促销敏感型2,0.333,发券,750
1343,0.829,40,高价值稳定型2,0.075,发券,751
1019,0.827,24,高价值稳定型2,0.125,发券,752
0754,0.826,28,高价值稳定型,0.321,发券,753
1202,0.826,20,高价值稳定型2,0.2,发券,754
0842,0.825,57,高价值稳定型,0.105,发券,755
1366,0.823,3,促销敏感型2,0.333,发券,756
2588,0.823,3,促销敏感型2,0.667,发券,757
0397,0.822,58,高价值稳定型,0.017,发券,758
0501,0.818,26,高价值稳定型2,0.192,发券,759
2089,0.813,4,类目集中型,0.25,发券,760
0857,0.809,38,促销敏感型,0.132,发券,761
1507,0.806,13,高价值稳定型2,0.308,发券,762
0669,0.805,37,高价值稳定型,0.108,发券,763
2307,0.805,2,促销敏感型2,0.0,发券,764
0287,0.804,51,高价值稳定型2,0.196,发券,765
0012,0.791,179,高价值稳定型,0.095,发券,766
1925,0.791,6,高价值稳定型2,0.167,发券,767
2180,0.79,7,类目集中型,0.571,发券,768
0592,0.785,105,高价值稳定型,0.105,发券,769
1011,0.785,46,高价值稳定型,0.022,发券,770
1003,0.785,25,高价值稳定型,0.12,发券,771
0373,0.777,25,高价值稳定型2,0.36,发券,772
0912,0.776,6,类目集中型,0.333,发券,773
2434,0.771,12,高价值稳定型2,0.25,发券,774
0614,0.771,68,高价值稳定型,0.279,发券,775
1980,0.77,12,高价值稳定型2,0.0,发券,776
0950,0.769,46,高价值稳定型,0.304,发券,777
2283,0.765,11,高价值稳定型,0.091,发券,778
0388,0.762,23,促销敏感型,0.217,发券,779
0212,0.76,137,高价值稳定型,0.073,发券,780
1999,0.759,1,促销敏感型2,0.0,发券,781
1442,0.755,37,高价值稳定型,0.243,发券,782
0637,0.753,39,高价值稳定型,0.103,发券,783
0687,0.747,28,高价值稳定型,0.143,发券,784
0767,0.747,5,类目集中型,0.6,发券,785
2537,0.747,6,高价值稳定型2,0.0,发券,786
1419,0.746,5,促销敏感型2,0.6,发券,787
1420,0.737,27,高价值稳定型2,0.259,发券,788
1506,0.733,6,高价值稳定型2,0.167,发券,789
2285,0.725,7,促销敏感型,0.286,发券,790
0055,0.72,31,高价值稳定型,0.226,发券,791
1295,0.719,19,高价值稳定型2,0.211,发券,792
0461,0.717,130,高价值稳定型,0.123,发券,793
0774,0.716,16,高价值稳定型2,0.25,发券,794
0988,0.715,23,高价值稳定型,0.13,发券,795
1524,0.715,19,高价值稳定型2,0.263,发券,796
0198,0.715,26,高价值稳定型2,0.154,发券,797
0509,0.714,61,高价值稳定型,0.082,发券,798
0876,0.709,11,生鲜高频型,0.091,发券,799
1432,0.709,59,高价值稳定型,0.068,发券,800
0327,0.708,37,高价值稳定型,0.108,发券,801
2330,0.705,23,高价值稳定型2,0.304,发券,802
1421,0.704,13,高价值稳定型,0.077,发券,803
0322,0.701,3,流失预警型,0.333,发券,804
1165,0.698,4,生鲜高频型,0.0,发券,805
0169,0.696,11,促销敏感型,0.091,发券,806
0444,0.694,37,高价值稳定型,0.243,发券,807
0199,0.691,46,高价值稳定型2,0.217,发券,808
0118,0.688,28,高价值稳定型,0.286,发券,809
2504,0.685,2,促销敏感型2,0.5,发券,810
0150,0.684,12,促销敏感型,0.167,发券,811
2275,0.683,5,生鲜高频型,0.0,发券,812
0476,0.676,44,高价值稳定型,0.136,发券,813
0318,0.676,65,高价值稳定型,0.277,发券,814
2315,0.676,1,促销敏感型2,1.0,发券,815
0832,0.67,22,高价值稳定型2,0.045,发券,816
1364,0.668,5,促销敏感型2,0.2,发券,817
0452,0.668,1,流失预警型,1.0,发券,818
1904,0.663,18,高价值稳定型,0.111,发券,819
0018,0.66,4,流失预警型,0.25,发券,820
1097,0.66,39,促销敏感型,0.41,发券,821
0156,0.66,50,高价值稳定型,0.12,发券,822
0017,0.658,95,高价值稳定型,0.474,发券,823
1681,0.657,8,流失预警型,0.25,发券,824
0040,0.656,20,高价值稳定型2,0.45,发券,825
1889,0.654,30,高价值稳定型,0.2,发券,826
0418,0.654,5,流失预警型,0.2,发券,827
1558,0.651,5,促销敏感型2,0.4,发券,828
1403,0.65,37,高价值稳定型,0.081,发券,829
0675,0.649,52,高价值稳定型,0.212,发券,830
2428,0.639,11,高价值稳定型,0.364,发券,831
2188,0.638,5,类目集中型,0.2,发券,832
2023,0.638,4,生鲜高频型,0.0,发券,833
1333,0.626,17,高价值稳定型2,0.176,发券,834
0477,0.625,11,类目集中型,0.182,发券,835
0591,0.623,47,高价值稳定型,0.149,发券,836
1915,0.62,21,高价值稳定型,0.0,发券,837
1207,0.618,5,流失预警型,0.0,发券,838
0354,0.612,40,高价值稳定型,0.125,发券,839
0412,0.611,34,高价值稳定型,0.088,发券,840
0174,0.61,146,高价值稳定型,0.027,发券,841
0121,0.606,48,高价值稳定型,0.208,发券,842
2166,0.596,3,促销敏感型2,0.333,发券,843
0533,0.593,38,高价值稳定型,0.211,发券,844
2255,0.593,9,高价值稳定型2,0.111,发券,845
1024,0.59,48,高价值稳定型,0.312,发券,846
0875,0.586,21,高价值稳定型2,0.286,发券,847
0183,0.586,60,高价值稳定型,0.283,发券,848
1223,0.584,10,促销敏感型,0.1,发券,849
1080,0.584,4,促销敏感型,0.25,发券,850
0207,0.584,32,高价值稳定型,0.25,发券,851
0344,0.583,86,高价值稳定型,0.395,发券,852
0465,0.579,22,高价值稳定型,0.045,发券,853
0311,0.577,39,高价值稳定型,0.077,发券,854
0468,0.577,13,高价值稳定型,0.077,发券,855
0965,0.576,17,流失预警型,0.176,发券,856
1757,0.576,26,促销敏感型,0.192,发券,857
0058,0.573,32,高价值稳定型2,0.219,发券,858
0362,0.571,11,高价值稳定型2,0.273,发券,859
0834,0.57,136,高价值稳定型,0.132,发券,860
0151,0.568,75,高价值稳定型,0.093,发券,861
1478,0.566,39,高价值稳定型,0.154,发券,862
0807,0.566,11,高价值稳定型,0.0,发券,863
1083,0.565,57,高价值稳定型,0.175,发券,864
1908,0.562,9,生鲜高频型,0.0,发券,865
1117,0.561,14,生鲜高频型,0.071,发券,866
0750,0.56,36,高价值稳定型,0.278,发券,867
0251,0.558,8,高价值稳定型2,0.125,发券,868
1884,0.548,23,高价值稳定型2,0.217,发券,869
0649,0.543,4,类目集中型,0.25,发券,870
0916,0.541,48,高价值稳定型,0.062,发券,871
0576,0.539,20,高价值稳定型,0.15,发券,872
2457,0.535,6,促销敏感型2,0.0,发券,873
2526,0.534,10,生鲜高频型,0.0,发券,874
1796,0.532,4,生鲜高频型,0.0,发券,875
1918,0.532,5,类目集中型,0.6,发券,876
0757,0.531,25,高价值稳定型,0.0,发券,877
0168,0.531,35,高价值稳定型2,0.086,发券,878
1278,0.527,12,高价值稳定型2,0.25,发券,879
0835,0.521,90,高价值稳定型,0.078,发券,880
1462,0.52,27,高价值稳定型2,0.037,发券,881
0019,0.52,25,高价值稳定型2,0.24,发券,882
1761,0.518,33,高价值稳定型,0.03,发券,883
0738,0.516,8,高价值稳定型2,0.0,发券,884
1215,0.515,56,高价值稳定型,0.071,发券,885
0490,0.513,9,高价值稳定型2,0.444,发券,886
2219,0.507,3,促销敏感型2,0.667,发券,887
1441,0.497,9,促销敏感型,0.333,发券,888
1209,0.495,14,高价值稳定型,0.286,发券,889
0594,0.493,24,高价值稳定型,0.125,发券,890
0049,0.491,72,高价值稳定型,0.056,发券,891
0284,0.491,81,高价值稳定型,0.272,发券,892
1501,0.487,28,高价值稳定型,0.464,发券,893
1844,0.484,9,高价值稳定型2,0.222,发券,894
0445,0.483,11,促销敏感型,0.273,发券,895
1299,0.481,9,类目集中型,0.222,发券,896
2534,0.48,2,促销敏感型2,0.5,发券,897
0910,0.479,23,高价值稳定型2,0.435,发券,898
0722,0.478,30,高价值稳定型,0.067,发券,899
0563,0.477,98,高价值稳定型,0.316,发券,900
0901,0.477,8,生鲜高频型,0.125,发券,901
1254,0.476,23,高价值稳定型2,0.435,发券,902
2094,0.471,10,流失预警型,0.0,发券,903
0517,0.468,6,促销敏感型,0.167,发券,904
0250,0.456,97,高价值稳定型,0.134,发券,905
0048,0.453,8,生鲜高频型,0.125,发券,906
0710,0.45,9,高价值稳定型2,0.0,发券,907
0001,0.442,7,促销敏感型2,0.286,发券,908
1670,0.44,22,高价值稳定型,0.0,发券,909
0127,0.439,129,高价值稳定型,0.209,发券,910
0066,0.437,9,促销敏感型2,0.444,发券,911
0814,0.433,47,高价值稳定型2,0.085,发券,912
0247,0.429,30,高价值稳定型,0.0,发券,913
0918,0.427,5,生鲜高频型,0.0,发券,914
0105,0.426,117,高价值稳定型,0.026,发券,915
1081,0.423,20,促销敏感型,0.35,发券,916
0039,0.422,82,高价值稳定型,0.195,发券,917
1493,0.418,8,促销敏感型2,0.25,发券,918
0805,0.416,52,高价值稳定型,0.192,发券,919
0698,0.415,68,高价值稳定型,0.279,发券,920
2387,0.41,7,生鲜高频型,0.143,发券,921
0617,0.405,32,高价值稳定型,0.062,发券,922
0218,0.404,18,高价值稳定型2,0.111,发券,923
0458,0.399,17,高价值稳定型,0.118,发券,924
1727,0.396,11,生鲜高频型,0.182,发券,925
2048,0.393,12,高价值稳定型,0.0,发券,926
0779,0.393,11,高价值稳定型,0.455,发券,927
0862,0.392,33,高价值稳定型,0.091,发券,928
1146,0.37,8,高价值稳定型2,0.125,发券,929
1439,0.367,12,高价值稳定型2,0.167,发券,930
2277,0.364,19,高价值稳定型2,0.263,发券,931
1869,0.363,17,高价值稳定型2,0.235,发券,932
1649,0.362,18,促销敏感型,0.056,发券,933
1967,0.36,15,高价值稳定型,0.067,发券,934
0923,0.353,17,高价值稳定型2,0.294,发券,935
0772,0.353,11,促销敏感型,0.091,发券,936
1995,0.35,4,类目集中型,0.0,发券,937
2405,0.346,20,高价值稳定型2,0.1,发券,938
2013,0.346,12,高价值稳定型2,0.333,发券,939
0068,0.343,62,高价值稳定型,0.145,发券,940
0133,0.342,63,高价值稳定型,0.095,发券,941
0217,0.338,23,高价值稳定型,0.0,发券,942
0274,0.336,82,高价值稳定型,0.122,发券,943
1456,0.334,7,生鲜高频型,0.0,发券,944
0432,0.333,6,促销敏感型,0.167,发券,945
0113,0.332,82,高价值稳定型,0.171,发券,946
1505,0.326,5,促销敏感型2,0.6,发券,947
1901,0.324,2,促销敏感型2,0.0,发券,948
1197,0.324,4,流失预警型,0.0,发券,949
0574,0.322,8,高价值稳定型,0.125,发券,950
1608,0.319,11,高价值稳定型2,0.182,发券,951
0347,0.318,48,高价值稳定型2,0.458,发券,952
0978,0.316,25,高价值稳定型,0.16,发券,953
0712,0.315,11,高价值稳定型2,0.273,发券,954
0339,0.314,73,高价值稳定型,0.027,发券,955
2306,0.309,1,生鲜高频型,0.0,发券,956
0913,0.308,89,高价值稳定型,0.18,发券,957
1602,0.306,17,高价值稳定型2,0.176,发券,958
1572,0.304,12,高价值稳定型2,0.167,发券,959
0256,0.301,47,高价值稳定型,0.106,发券,960
0182,0.296,8,高价值稳定型2,0.25,发券,961
1074,0.283,26,高价值稳定型,0.0,发券,962
2455,0.283,10,高价值稳定型2,0.0,发券,963
1639,0.271,12,高价值稳定型,0.333,发券,964
0229,0.263,14,高价值稳定型,0.071,发券,965
2076,0.262,4,生鲜高频型,0.0,发券,966
0254,0.26,4,促销敏感型2,0.5,发券,967
1465,0.254,17,高价值稳定型2,0.294,发券,968
1683,0.248,2,促销敏感型2,0.5,发券,969
0149,0.244,13,流失预警型,0.077,发券,970
0996,0.243,14,高价值稳定型2,0.071,发券,971
0551,0.243,58,高价值稳定型,0.172,发券,972
2570,0.234,8,类目集中型,0.125,发券,973
0566,0.233,26,高价值稳定型2,0.308,发券,974
0753,0.229,18,高价值稳定型,0.167,发券,975
1071,0.225,4,促销敏感型2,0.0,发券,976
0818,0.22,22,高价值稳定型,0.045,发券,977
1948,0.214,10,类目集中型,0.0,发券,978
1387,0.212,10,高价值稳定型2,0.3,发券,979
0765,0.21,13,高价值稳定型2,0.077,发券,980
0858,0.21,25,高价值稳定型2,0.16,发券,981
1865,0.202,5,高价值稳定型2,0.0,发券,982
0226,0.188,48,高价值稳定型,0.208,发券,983
0630,0.188,45,促销敏感型,0.133,发券,984
0193,0.183,6,流失预警型,0.167,发券,985
2375,0.182,4,促销敏感型2,0.5,发券,986
2201,0.18,31,高价值稳定型2,0.258,发券,987
2063,0.179,14,类目集中型,0.286,发券,988
1554,0.179,13,促销敏感型,0.846,发券,989
2098,0.175,6,高价值稳定型2,0.0,发券,990
2065,0.168,8,高价值稳定型2,0.375,发券,991
0132,0.167,19,高价值稳定型2,0.211,发券,992
0419,0.165,13,促销敏感型,0.0,发券,993
1259,0.165,5,促销敏感型2,1.0,发券,994
0371,0.164,55,高价值稳定型,0.036,发券,995
2027,0.164,11,流失预警型,0.0,发券,996
1896,0.162,36,高价值稳定型,0.028,发券,997
0497,0.161,62,高价值稳定型,0.065,发券,998
0203,0.156,28,高价值稳定型,0.214,发券,999
2018,0.154,5,高价值稳定型2,0.4,发券,1000
1748,0.15,39,高价值稳定型,0.103,发券,1001
0845,0.15,48,高价值稳定型,0.25,发券,1002
1175,0.144,2,促销敏感型,0.5,发券,1003
0848,0.136,5,类目集中型,0.2,发券,1004
1041,0.126,34,高价值稳定型2,0.0,发券,1005
1496,0.125,7,高价值稳定型2,0.429,发券,1006
0164,0.124,63,高价值稳定型,0.016,发券,1007
0609,0.119,117,高价值稳定型,0.154,发券,1008
0470,0.118,12,高价值稳定型2,0.167,发券,1009
2010,0.117,6,类目集中型,0.333,发券,1010
0090,0.113,51,高价值稳定型,0.196,发券,1011
0106,0.109,48,高价值稳定型,0.062,发券,1012
2128,0.107,7,生鲜高频型,0.0,发券,1013
1291,0.102,20,高价值稳定型2,0.15,发券,1014
0130,0.093,45,高价值稳定型,0.022,发券,1015
1068,0.092,46,高价值稳定型,0.022,发券,1016
0524,0.088,40,高价值稳定型,0.15,发券,1017
0409,0.087,24,高价值稳定型2,0.083,发券,1018
0295,0.086,7,生鲜高频型,0.0,发券,1019
0564,0.083,13,高价值稳定型2,0.154,发券,1020
1173,0.082,17,高价值稳定型2,0.176,发券,1021
1354,0.082,39,高价值稳定型,0.026,发券,1022
0542,0.079,67,高价值稳定型,0.194,发券,1023
1304,0.072,19,促销敏感型,0.053,发券,1024
0520,0.064,16,高价值稳定型2,0.188,发券,1025
0545,0.064,7,类目集中型,0.143,发券,1026
2281,0.064,7,类目集中型,0.429,发券,1027
2101,0.063,6,生鲜高频型,0.0,发券,1028
1574,0.061,26,高价值稳定型,0.192,发券,1029
1964,0.061,11,高价值稳定型2,0.182,发券,1030
1544,0.06,54,高价值稳定型,0.111,发券,1031
0331,0.055,29,高价值稳定型,0.345,发券,1032
1149,0.054,5,类目集中型,0.0,发券,1033
1966,0.05,6,生鲜高频型,0.0,发券,1034
0755,0.043,21,促销敏感型,0.19,发券,1035
1199,0.034,29,高价值稳定型2,0.069,发券,1036
2266,0.03,5,促销敏感型2,0.2,发券,1037
0286,0.028,72,高价值稳定型,0.167,发券,1038
0008,0.024,28,高价值稳定型2,0.25,发券,1039
1335,0.023,11,高价值稳定型,0.091,发券,1040
1975,0.016,4,促销敏感型2,0.25,发券,1041
2095,0.014,6,促销敏感型,0.333,发券,1042
0078,0.013,63,高价值稳定型,0.159,发券,1043
0086,0.011,14,高价值稳定型2,0.214,发券,1044
1983,0.011,20,高价值稳定型2,0.1,发券,1045
2313,0.003,5,生鲜高频型,0.0,发券,1046
0303,-0.004,72,高价值稳定型,0.069,权益/不打折,1047
0595,-0.011,13,高价值稳定型2,0.154,权益/不打折,1048
0235,-0.014,60,高价值稳定型,0.283,权益/不打折,1049
0621,-0.015,57,高价值稳定型,0.263,权益/不打折,1050
0115,-0.016,13,高价值稳定型,0.0,权益/不打折,1051
1678,-0.017,5,生鲜高频型,0.0,权益/不打折,1052
1963,-0.019,10,生鲜高频型,0.0,权益/不打折,1053
0085,-0.019,8,高价值稳定型2,0.125,权益/不打折,1054
0749,-0.02,18,流失预警型,0.0,权益/不打折,1055
0314,-0.028,19,高价值稳定型,0.053,权益/不打折,1056
2350,-0.028,6,类目集中型,0.333,权益/不打折,1057
1326,-0.028,6,高价值稳定型2,0.167,权益/不打折,1058
0696,-0.028,13,高价值稳定型,0.0,权益/不打折,1059
1539,-0.029,6,促销敏感型2,0.667,权益/不打折,1060
0554,-0.031,94,高价值稳定型,0.053,权益/不打折,1061
2517,-0.034,2,促销敏感型2,0.5,权益/不打折,1062
0761,-0.04,43,高价值稳定型,0.14,权益/不打折,1063
0819,-0.046,65,高价值稳定型,0.246,权益/不打折,1064
1371,-0.047,18,流失预警型,0.278,权益/不打折,1065
2199,-0.052,17,高价值稳定型2,0.118,权益/不打折,1066
0429,-0.053,16,促销敏感型,0.188,权益/不打折,1067
2358,-0.058,18,高价值稳定型2,0.111,权益/不打折,1068
1072,-0.058,19,类目集中型,0.0,权益/不打折,1069
0677,-0.063,46,高价值稳定型,0.196,权益/不打折,1070
2184,-0.066,15,高价值稳定型2,0.067,权益/不打折,1071
0067,-0.066,13,高价值稳定型2,0.462,权益/不打折,1072
1903,-0.072,9,高价值稳定型2,0.222,权益/不打折,1073
0157,-0.073,6,高价值稳定型2,0.167,权益/不打折,1074
2368,-0.076,4,生鲜高频型,0.0,权益/不打折,1075
0578,-0.077,34,高价值稳定型,0.029,权益/不打折,1076
0938,-0.078,8,类目集中型,0.125,权益/不打折,1077
1740,-0.083,6,生鲜高频型,0.0,权益/不打折,1078
0065,-0.083,9,促销敏感型,0.222,权益/不打折,1079
1100,-0.087,14,高价值稳定型,0.357,权益/不打折,1080
1120,-0.088,8,流失预警型,0.25,权益/不打折,1081
0137,-0.091,13,类目集中型,0.077,权益/不打折,1082
0202,-0.091,5,促销敏感型2,0.6,权益/不打折,1083
0917,-0.091,11,促销敏感型,0.182,权益/不打折,1084
0785,-0.093,43,促销敏感型,0.023,权益/不打折,1085
2575,-0.094,7,生鲜高频型,0.0,权益/不打折,1086
0433,-0.098,29,高价值稳定型,0.31,权益/不打折,1087
1525,-0.099,17,类目集中型,0.118,权益/不打折,1088
2227,-0.1,12,高价值稳定型2,0.333,权益/不打折,1089
1388,-0.103,21,高价值稳定型,0.095,权益/不打折,1090
1238,-0.107,8,类目集中型,0.125,权益/不打折,1091
2270,-0.108,2,流失预警型,1.0,权益/不打折,1092
2021,-0.113,8,生鲜高频型,0.0,权益/不打折,1093
1046,-0.118,13,促销敏感型,0.154,权益/不打折,1094
0163,-0.124,34,高价值稳定型,0.206,权益/不打折,1095
1352,-0.125,19,高价值稳定型,0.053,权益/不打折,1096
2189,-0.133,15,高价值稳定型2,0.267,权益/不打折,1097
0624,-0.135,17,高价值稳定型2,0.118,权益/不打折,1098
1521,-0.136,26,高价值稳定型2,0.077,权益/不打折,1099
1308,-0.136,11,高价值稳定型2,0.0,权益/不打折,1100
0317,-0.137,57,高价值稳定型,0.035,权益/不打折,1101
2274,-0.142,19,高价值稳定型,0.158,权益/不打折,1102
0856,-0.15,9,生鲜高频型,0.0,权益/不打折,1103
2236,-0.156,1,生鲜高频型,0.0,权益/不打折,1104
0021,-0.156,38,高价值稳定型2,0.026,权益/不打折,1105
1318,-0.16,30,高价值稳定型2,0.133,权益/不打折,1106
2298,-0.162,5,高价值稳定型2,0.4,权益/不打折,1107
0492,-0.165,17,高价值稳定型,0.118,权益/不打折,1108
0192,-0.172,3,流失预警型,0.0,权益/不打折,1109
0387,-0.172,34,高价值稳定型2,0.118,权益/不打折,1110
2078,-0.175,5,类目集中型,0.2,权益/不打折,1111
1629,-0.19,15,高价值稳定型2,0.4,权益/不打折,1112
0435,-0.191,24,高价值稳定型,0.042,权益/不打折,1113
0619,-0.193,67,高价值稳定型,0.104,权益/不打折,1114
0914,-0.193,25,高价值稳定型,0.12,权益/不打折,1115
2587,-0.194,6,生鲜高频型,0.167,权益/不打折,1116
0507,-0.195,40,高价值稳定型,0.125,权益/不打折,1117
0411,-0.195,38,高价值稳定型,0.211,权益/不打折,1118
0734,-0.195,11,促销敏感型,0.0,权益/不打折,1119
0954,-0.196,21,高价值稳定型,0.048,权益/不打折,1120
1168,-0.201,8,生鲜高频型,0.0,权益/不打折,1121
0847,-0.201,95,高价值稳定型,0.358,权益/不打折,1122
2440,-0.203,5,类目集中型,0.4,权益/不打折,1123
1774,-0.208,58,高价值稳定型,0.0,权益/不打折,1124
1214,-0.208,5,促销敏感型2,0.4,权益/不打折,1125
0342,-0.216,13,促销敏感型,0.077,权益/不打折,1126
1978,-0.218,15,高价值稳定型2,0.267,权益/不打折,1127
1513,-0.226,10,促销敏感型2,0.5,权益/不打折,1128
1398,-0.227,19,高价值稳定型,0.053,权益/不打折,1129
1176,-0.23,22,高价值稳定型,0.227,权益/不打折,1130
0809,-0.237,21,高价值稳定型,0.095,权益/不打折,1131
1820,-0.241,13,流失预警型,0.077,权益/不打折,1132
1316,-0.243,22,高价值稳定型,0.227,权益/不打折,1133
0140,-0.252,31,高价值稳定型,0.032,权益/不打折,1134
0922,-0.253,28,高价值稳定型2,0.429,权益/不打折,1135
1752,-0.254,9,生鲜高频型,0.0,权益/不打折,1136
1317,-0.258,6,促销敏感型2,0.0,权益/不打折,1137
2364,-0.264,17,高价值稳定型,0.059,权益/不打折,1138
0645,-0.265,9,高价值稳定型2,0.222,权益/不打折,1139
0530,-0.266,6,类目集中型,0.167,权益/不打折,1140
1188,-0.273,19,高价值稳定型2,0.263,权益/不打折,1141
1088,-0.273,6,生鲜高频型,0.0,权益/不打折,1142
1281,-0.278,10,生鲜高频型,0.0,权益/不打折,1143
1256,-0.281,54,高价值稳定型2,0.0,权益/不打折,1144
1662,-0.288,7,生鲜高频型,0.0,权益/不打折,1145
0459,-0.292,25,高价值稳定型,0.0,权益/不打折,1146
2017,-0.293,13,高价值稳定型,0.0,权益/不打折,1147
2200,-0.298,7,类目集中型,0.0,权益/不打折,1148
1353,-0.3,8,促销敏感型,0.375,权益/不打折,1149
1818,-0.304,33,高价值稳定型2,0.212,权益/不打折,1150
1239,-0.309,21,高价值稳定型2,0.095,权益/不打折,1151
0057,-0.314,26,高价值稳定型,0.038,权益/不打折,1152
0209,-0.317,19,高价值稳定型,0.0,权益/不打折,1153
0422,-0.323,1,生鲜高频型,0.0,权益/不打折,1154
2392,-0.325,9,高价值稳定型2,0.222,权益/不打折,1155
0911,-0.326,73,高价值稳定型,0.082,权益/不打折,1156
0087,-0.326,86,高价值稳定型,0.035,权益/不打折,1157
1045,-0.328,6,流失预警型,0.167,权益/不打折,1158
2302,-0.331,7,类目集中型,0.0,权益/不打折,1159
0334,-0.333,13,流失预警型,0.154,权益/不打折,1160
0003,-0.334,52,高价值稳定型,0.135,权益/不打折,1161
0977,-0.334,10,高价值稳定型,0.2,权益/不打折,1162
0689,-0.335,31,高价值稳定型,0.323,权益/不打折,1163
0083,-0.336,13,高价值稳定型,0.077,权益/不打折,1164
2073,-0.337,5,促销敏感型2,0.2,权益/不打折,1165
0117,-0.339,19,高价值稳定型2,0.105,权益/不打折,1166
1324,-0.34,2,促销敏感型2,0.5,权益/不打折,1167
2530,-0.341,7,类目集中型,0.0,权益/不打折,1168
0893,-0.342,15,高价值稳定型,0.0,权益/不打折,1169
0404,-0.343,54,高价值稳定型,0.167,权益/不打折,1170
0154,-0.343,6,类目集中型,0.0,权益/不打折,1171
2433,-0.345,27,高价值稳定型,0.0,权益/不打折,1172
0853,-0.35,48,高价值稳定型,0.229,权益/不打折,1173
2602,-0.351,15,高价值稳定型2,0.133,权益/不打折,1174
1241,-0.352,5,流失预警型,0.0,权益/不打折,1175
2004,-0.354,16,高价值稳定型,0.0,权益/不打折,1176
2225,-0.354,8,生鲜高频型,0.0,权益/不打折,1177
1285,-0.361,8,促销敏感型,0.0,权益/不打折,1178
2159,-0.368,27,高价值稳定型,0.0,权益/不打折,1179
0762,-0.382,5,生鲜高频型,0.0,权益/不打折,1180
0861,-0.382,17,高价值稳定型,0.0,权益/不打折,1181
0466,-0.385,32,高价值稳定型,0.125,权益/不打折,1182
1640,-0.391,39,高价值稳定型,0.231,权益/不打折,1183
0059,-0.393,4,流失预警型,0.0,权益/不打折,1184
0188,-0.397,22,高价值稳定型2,0.136,权益/不打折,1185
0041,-0.399,10,高价值稳定型,0.0,权益/不打折,1186
0335,-0.399,4,促销敏感型,0.0,权益/不打折,1187
0190,-0.402,87,高价值稳定型,0.08,权益/不打折,1188
0307,-0.407,12,类目集中型,0.0,权益/不打折,1189
0248,-0.408,17,流失预警型,0.0,权益/不打折,1190
2250,-0.413,4,促销敏感型2,0.0,权益/不打折,1191
0803,-0.414,59,促销敏感型,0.136,权益/不打折,1192
1879,-0.42,4,生鲜高频型,0.0,权益/不打折,1193
0811,-0.421,31,高价值稳定型,0.258,权益/不打折,1194
1303,-0.427,6,流失预警型,0.167,权益/不打折,1195
0947,-0.427,30,高价值稳定型2,0.1,权益/不打折,1196
1930,-0.429,7,高价值稳定型2,0.0,权益/不打折,1197
2539,-0.43,7,类目集中型,0.286,权益/不打折,1198
1878,-0.431,18,高价值稳定型,0.0,权益/不打折,1199
2296,-0.431,12,高价值稳定型2,0.083,权益/不打折,1200
1131,-0.436,14,高价值稳定型,0.357,权益/不打折,1201
2054,-0.437,6,高价值稳定型2,0.333,权益/不打折,1202
0232,-0.443,5,促销敏感型2,0.2,权益/不打折,1203
2112,-0.443,3,促销敏感型2,0.0,权益/不打折,1204
2165,-0.444,4,促销敏感型2,0.5,权益/不打折,1205
1913,-0.454,2,生鲜高频型,0.5,权益/不打折,1206
0860,-0.463,18,高价值稳定型2,0.111,权益/不打折,1207
2064,-0.465,17,高价值稳定型2,0.0,权益/不打折,1208
2321,-0.468,4,生鲜高频型,0.25,权益/不打折,1209
0352,-0.469,71,高价值稳定型,0.197,权益/不打折,1210
0071,-0.469,35,高价值稳定型,0.114,权益/不打折,1211
0796,-0.473,101,高价值稳定型,0.149,权益/不打折,1212
0933,-0.479,24,高价值稳定型,0.0,权益/不打折,1213
0483,-0.479,48,高价值稳定型,0.125,权益/不打折,1214
0258,-0.482,37,高价值稳定型,0.0,权益/不打折,1215
1346,-0.482,36,高价值稳定型2,0.056,权益/不打折,1216
0063,-0.487,7,生鲜高频型,0.0,权益/不打折,1217
0943,-0.491,3,促销敏感型2,0.333,权益/不打折,1218
1313,-0.492,8,生鲜高频型,0.125,权益/不打折,1219
0903,-0.496,15,类目集中型,0.133,权益/不打折,1220
1491,-0.497,21,高价值稳定型,0.048,权益/不打折,1221
1622,-0.498,38,高价值稳定型,0.105,权益/不打折,1222
2045,-0.513,6,促销敏感型,0.333,权益/不打折,1223
1676,-0.515,24,高价值稳定型2,0.083,权益/不打折,1224
0855,-0.517,5,促销敏感型2,0.6,权益/不打折,1225
0278,-0.521,13,高价值稳定型2,0.231,权益/不打折,1226
0045,-0.522,5,生鲜高频型,0.0,权益/不打折,1227
2442,-0.527,3,高价值稳定型2,0.0,权益/不打折,1228
1186,-0.532,6,促销敏感型2,0.167,权益/不打折,1229
0888,-0.535,3,促销敏感型2,0.333,权益/不打折,1230
0658,-0.538,57,高价值稳定型,0.105,权益/不打折,1231
1793,-0.543,10,高价值稳定型2,0.4,权益/不打折,1232
2026,-0.544,11,高价值稳定型2,0.182,权益/不打折,1233
0246,-0.544,16,高价值稳定型,0.062,权益/不打折,1234
2416,-0.552,5,流失预警型,0.6,权益/不打折,1235
0220,-0.558,52,高价值稳定型,0.058,权益/不打折,1236
0733,-0.558,58,高价值稳定型,0.103,权益/不打折,1237
1591,-0.561,6,促销敏感型2,0.833,权益/不打折,1238
0469,-0.567,53,高价值稳定型,0.057,权益/不打折,1239
1882,-0.572,22,高价值稳定型,0.045,权益/不打折,1240
1395,-0.572,14,促销敏感型,0.0,权益/不打折,1241
2024,-0.573,6,流失预警型,0.0,权益/不打折,1242
1605,-0.574,13,高价值稳定型2,0.231,权益/不打折,1243
0255,-0.574,54,高价值稳定型,0.13,权益/不打折,1244
2187,-0.577,8,生鲜高频型,0.0,权益/不打折,1245
0971,-0.578,41,高价值稳定型2,0.024,权益/不打折,1246
1719,-0.579,22,高价值稳定型,0.136,权益/不打折,1247
1167,-0.579,14,高价值稳定型2,0.214,权益/不打折,1248
1546,-0.581,10,类目集中型,0.1,权益/不打折,1249
1855,-0.581,5,高价值稳定型2,0.2,权益/不打折,1250
0777,-0.584,8,高价值稳定型2,0.25,权益/不打折,1251
1091,-0.584,17,高价值稳定型2,0.235,权益/不打折,1252
1015,-0.585,8,高价值稳定型2,0.25,权益/不打折,1253
1597,-0.588,6,生鲜高频型,0.0,权益/不打折,1254
2341,-0.589,5,高价值稳定型2,0.2,权益/不打折,1255
0640,-0.591,21,高价值稳定型,0.381,权益/不打折,1256
1795,-0.599,12,流失预警型,0.0,权益/不打折,1257
0088,-0.618,35,高价值稳定型,0.2,权益/不打折,1258
2042,-0.619,19,高价值稳定型2,0.105,权益/不打折,1259
2138,-0.622,4,促销敏感型2,0.25,权益/不打折,1260
2482,-0.627,6,高价值稳定型2,0.167,权益/不打折,1261
0437,-0.628,32,高价值稳定型,0.25,权益/不打折,1262
0660,-0.631,21,高价值稳定型2,0.143,权益/不打折,1263
0773,-0.632,16,高价值稳定型2,0.312,权益/不打折,1264
1293,-0.633,5,促销敏感型2,0.6,权益/不打折,1265
2118,-0.635,15,高价值稳定型2,0.067,权益/不打折,1266
1959,-0.636,6,生鲜高频型,0.0,权益/不打折,1267
1627,-0.641,13,高价值稳定型2,0.538,权益/不打折,1268
1164,-0.642,35,高价值稳定型,0.029,权益/不打折,1269
0713,-0.643,15,高价值稳定型,0.133,权益/不打折,1270
0482,-0.644,36,高价值稳定型,0.111,权益/不打折,1271
1459,-0.651,38,高价值稳定型2,0.237,权益/不打折,1272
2444,-0.652,7,高价值稳定型2,0.0,权益/不打折,1273
2007,-0.655,7,生鲜高频型,0.143,权益/不打折,1274
0605,-0.655,7,流失预警型,0.0,权益/不打折,1275
2126,-0.658,7,生鲜高频型,0.0,权益/不打折,1276
0523,-0.659,14,高价值稳定型,0.0,权益/不打折,1277
0424,-0.66,24,高价值稳定型,0.125,权益/不打折,1278
2206,-0.662,9,生鲜高频型,0.0,权益/不打折,1279
0788,-0.664,23,高价值稳定型2,0.13,权益/不打折,1280
0902,-0.67,14,促销敏感型,0.071,权益/不打折,1281
1402,-0.671,20,高价值稳定型,0.05,权益/不打折,1282
1593,-0.673,7,生鲜高频型,0.143,权益/不打折,1283
2406,-0.674,5,生鲜高频型,0.0,权益/不打折,1284
1696,-0.678,12,高价值稳定型2,0.083,权益/不打折,1285
1257,-0.679,6,流失预警型,0.333,权益/不打折,1286
0389,-0.682,20,高价值稳定型,0.1,权益/不打折,1287
2252,-0.685,32,类目集中型,0.156,权益/不打折,1288
0485,-0.691,16,高价值稳定型,0.062,权益/不打折,1289
1344,-0.692,10,流失预警型,0.1,权益/不打折,1290
0241,-0.693,38,高价值稳定型,0.053,权益/不打折,1291
1522,-0.695,13,高价值稳定型2,0.0,权益/不打折,1292
0481,-0.698,17,高价值稳定型2,0.118,权益/不打折,1293
1969,-0.699,31,高价值稳定型,0.097,权益/不打折,1294
1270,-0.704,31,高价值稳定型2,0.161,权益/不打折,1295
0076,-0.707,49,高价值稳定型,0.082,权益/不打折,1296
0939,-0.713,6,生鲜高频型,0.0,权益/不打折,1297
0279,-0.716,20,高价值稳定型2,0.05,权益/不打折,1298
2479,-0.716,4,类目集中型,0.0,权益/不打折,1299
1769,-0.717,20,高价值稳定型2,0.05,权益/不打折,1300
1096,-0.731,27,高价值稳定型,0.074,权益/不打折,1301
0588,-0.732,26,高价值稳定型2,0.077,权益/不打折,1302
0124,-0.732,6,生鲜高频型,0.0,权益/不打折,1303
0037,-0.733,53,高价值稳定型,0.075,权益/不打折,1304
0764,-0.733,13,高价值稳定型2,0.0,权益/不打折,1305
1104,-0.733,38,高价值稳定型,0.132,权益/不打折,1306
1179,-0.734,1,促销敏感型2,1.0,权益/不打折,1307
0896,-0.735,19,高价值稳定型,0.211,权益/不打折,1308
0294,-0.737,44,高价值稳定型2,0.114,权益/不打折,1309
0171,-0.741,17,高价值稳定型,0.059,权益/不打折,1310
2511,-0.745,4,生鲜高频型,0.25,权益/不打折,1311
1393,-0.745,5,流失预警型,0.2,权益/不打折,1312
2030,-0.747,4,生鲜高频型,0.0,权益/不打折,1313
0725,-0.748,4,促销敏感型2,0.25,权益/不打折,1314
0119,-0.749,64,高价值稳定型,0.141,权益/不打折,1315
0253,-0.75,15,高价值稳定型,0.133,权益/不打折,1316
1476,-0.75,29,高价值稳定型,0.0,权益/不打折,1317
0197,-0.756,19,高价值稳定型,0.105,权益/不打折,1318
0864,-0.762,4,流失预警型,0.25,权益/不打折,1319
0527,-0.768,23,高价值稳定型2,0.478,权益/不打折,1320
0994,-0.773,6,促销敏感型2,0.5,权益/不打折,1321
1654,-0.773,8,高价值稳定型2,0.125,权益/不打折,1322
1320,-0.784,8,高价值稳定型2,0.0,权益/不打折,1323
2152,-0.784,4,流失预警型,0.0,权益/不打折,1324
1160,-0.787,6,流失预警型,0.0,权益/不打折,1325
1731,-0.787,22,高价值稳定型,0.0,权益/不打折,1326
2453,-0.793,2,高价值稳定型2,0.0,权益/不打折,1327
1301,-0.797,3,流失预警型,0.333,权益/不打折,1328
1397,-0.798,7,流失预警型,0.429,权益/不打折,1329
1235,-0.799,31,高价值稳定型2,0.387,权益/不打折,1330
2408,-0.799,9,促销敏感型,0.111,权益/不打折,1331
1828,-0.801,7,类目集中型,0.143,权益/不打折,1332
1234,-0.805,10,高价值稳定型,0.0,权益/不打折,1333
1382,-0.808,4,生鲜高频型,0.0,权益/不打折,1334
0153,-0.809,24,高价值稳定型,0.5,权益/不打折,1335
1298,-0.811,9,高价值稳定型2,0.444,权益/不打折,1336
1823,-0.816,14,高价值稳定型2,0.071,权益/不打折,1337
1340,-0.819,5,促销敏感型,0.4,权益/不打折,1338
1866,-0.823,19,高价值稳定型2,0.158,权益/不打折,1339
0005,-0.827,15,高价值稳定型,0.133,权益/不打折,1340
0900,-0.834,26,高价值稳定型2,0.308,权益/不打折,1341
0565,-0.841,6,类目集中型,0.167,权益/不打折,1342
2424,-0.842,13,流失预警型,0.0,权益/不打折,1343
0013,-0.847,68,高价值稳定型,0.118,权益/不打折,1344
2590,-0.859,14,生鲜高频型,0.0,权益/不打折,1345
0596,-0.862,23,高价值稳定型,0.174,权益/不打折,1346
0639,-0.863,5,流失预警型,0.2,权益/不打折,1347
0937,-0.882,4,生鲜高频型,0.0,权益/不打折,1348
0960,-0.888,4,促销敏感型2,0.25,权益/不打折,1349
1805,-0.889,8,类目集中型,0.25,权益/不打折,1350
1778,-0.889,19,高价值稳定型,0.105,权益/不打折,1351
1053,-0.892,33,高价值稳定型,0.121,权益/不打折,1352
0984,-0.893,5,生鲜高频型,0.0,权益/不打折,1353
2566,-0.9,8,高价值稳定型2,0.125,权益/不打折,1354
0887,-0.9,30,高价值稳定型2,0.233,权益/不打折,1355
0291,-0.904,7,生鲜高频型,0.143,权益/不打折,1356
1692,-0.906,16,高价值稳定型2,0.0,权益/不打折,1357
0940,-0.907,8,高价值稳定型2,0.125,权益/不打折,1358
0499,-0.908,39,高价值稳定型,0.205,权益/不打折,1359
0714,-0.91,6,生鲜高频型,0.0,权益/不打折,1360
1418,-0.911,14,高价值稳定型2,0.143,权益/不打折,1361
1378,-0.916,8,促销敏感型,0.125,权益/不打折,1362
1265,-0.916,6,促销敏感型,0.333,权益/不打折,1363
1515,-0.92,6,流失预警型,0.333,权益/不打折,1364
1747,-0.922,5,流失预警型,0.0,权益/不打折,1365
2145,-0.923,6,类目集中型,0.167,权益/不打折,1366
1716,-0.932,14,高价值稳定型2,0.0,权益/不打折,1367
2008,-0.94,15,高价值稳定型2,0.333,权益/不打折,1368
1225,-0.943,5,类目集中型,0.0,权益/不打折,1369
2020,-0.943,10,促销敏感型,0.5,权益/不打折,1370
1874,-0.948,12,流失预警型,0.167,权益/不打折,1371
0708,-0.95,8,流失预警型,0.125,权益/不打折,1372
1567,-0.956,28,高价值稳定型2,0.143,权益/不打折,1373
2396,-0.958,10,高价值稳定型2,0.0,权益/不打折,1374
1425,-0.961,11,高价值稳定型2,0.182,权益/不打折,1375
1689,-0.962,8,类目集中型,0.0,权益/不打折,1376
1938,-0.972,23,高价值稳定型2,0.043,权益/不打折,1377
1325,-0.978,23,高价值稳定型,0.043,权益/不打折,1378
2578,-0.981,2,生鲜高频型,0.0,权益/不打折,1379
1987,-0.985,11,高价值稳定型2,0.091,权益/不打折,1380
2427,-0.989,4,高价值稳定型2,0.25,权益/不打折,1381
1008,-0.989,29,高价值稳定型,0.241,权益/不打折,1382
0368,-0.994,27,高价值稳定型2,0.111,权益/不打折,1383
0598,-0.997,20,高价值稳定型2,0.1,权益/不打折,1384
1957,-0.998,7,生鲜高频型,0.0,权益/不打折,1385
1829,-0.998,13,促销敏感型,0.0,权益/不打折,1386
0128,-0.999,17,高价值稳定型,0.0,权益/不打折,1387
1266,-0.999,26,高价值稳定型2,0.038,权益/不打折,1388
2592,-1.001,5,生鲜高频型,0.0,权益/不打折,1389
1329,-1.002,2,促销敏感型2,0.5,权益/不打折,1390
0351,-1.004,10,高价值稳定型2,0.0,权益/不打折,1391
0944,-1.008,13,促销敏感型,0.231,权益/不打折,1392
1497,-1.009,14,高价值稳定型,0.0,权益/不打折,1393
2488,-1.013,5,促销敏感型2,0.2,权益/不打折,1394
1328,-1.017,8,流失预警型,0.0,权益/不打折,1395
1943,-1.022,4,促销敏感型2,0.75,权益/不打折,1396
1856,-1.024,14,高价值稳定型2,0.071,权益/不打折,1397
1867,-1.025,5,促销敏感型,0.2,权益/不打折,1398
1114,-1.027,11,高价值稳定型2,0.182,权益/不打折,1399
0358,-1.029,5,类目集中型,0.0,权益/不打折,1400
1726,-1.033,4,高价值稳定型2,0.0,权益/不打折,1401
1099,-1.034,19,促销敏感型,0.105,权益/不打折,1402
2324,-1.041,3,生鲜高频型,0.0,权益/不打折,1403
1368,-1.054,13,高价值稳定型2,0.385,权益/不打折,1404
2366,-1.055,3,生鲜高频型,0.0,权益/不打折,1405
0562,-1.056,25,高价值稳定型,0.28,权益/不打折,1406
0267,-1.06,76,高价值稳定型,0.171,权益/不打折,1407
0276,-1.061,7,生鲜高频型,0.0,权益/不打折,1408
1816,-1.062,13,促销敏感型,0.0,权益/不打折,1409
0927,-1.065,18,促销敏感型,0.056,权益/不打折,1410
0700,-1.065,4,促销敏感型2,0.5,权益/不打折,1411
0122,-1.068,19,高价值稳定型,0.0,权益/不打折,1412
1410,-1.068,5,促销敏感型,0.0,权益/不打折,1413
0600,-1.069,23,促销敏感型,0.043,权益/不打折,1414
0679,-1.07,6,高价值稳定型2,0.167,权益/不打折,1415
2333,-1.073,12,高价值稳定型2,0.083,权益/不打折,1416
2284,-1.073,4,流失预警型,0.0,权益/不打折,1417
1939,-1.075,10,高价值稳定型2,0.1,权益/不打折,1418
0503,-1.075,14,高价值稳定型,0.0,权益/不打折,1419
0872,-1.077,5,类目集中型,0.0,权益/不打折,1420
0987,-1.079,13,高价值稳定型2,0.0,权益/不打折,1421
0450,-1.079,45,高价值稳定型,0.133,权益/不打折,1422
0343,-1.081,11,流失预警型,0.0,权益/不打折,1423
1174,-1.082,17,高价值稳定型2,0.059,权益/不打折,1424
0365,-1.084,45,高价值稳定型,0.111,权益/不打折,1425
0934,-1.088,23,高价值稳定型,0.087,权益/不打折,1426
1030,-1.091,21,高价值稳定型2,0.0,权益/不打折,1427
0795,-1.1,13,类目集中型,0.077,权益/不打折,1428
0440,-1.103,31,高价值稳定型,0.258,权益/不打折,1429
2502,-1.113,11,高价值稳定型2,0.364,权益/不打折,1430
0104,-1.115,17,高价值稳定型,0.235,权益/不打折,1431
2037,-1.116,12,高价值稳定型,0.0,权益/不打折,1432
0187,-1.118,28,高价值稳定型,0.036,权益/不打折,1433
0394,-1.118,18,高价值稳定型2,0.222,权益/不打折,1434
1568,-1.124,14,高价值稳定型2,0.0,权益/不打折,1435
0363,-1.125,4,促销敏感型2,0.5,权益/不打折,1436
2209,-1.127,8,高价值稳定型2,0.0,权益/不打折,1437
0221,-1.133,32,高价值稳定型,0.125,权益/不打折,1438
1263,-1.133,17,高价值稳定型,0.235,权益/不打折,1439
1664,-1.143,11,促销敏感型,0.0,权益/不打折,1440
1564,-1.147,11,高价值稳定型2,0.364,权益/不打折,1441
0931,-1.147,9,高价值稳定型2,0.222,权益/不打折,1442
0062,-1.149,31,高价值稳定型,0.129,权益/不打折,1443
1123,-1.151,18,高价值稳定型2,0.111,权益/不打折,1444
2429,-1.151,7,高价值稳定型2,0.0,权益/不打折,1445
1508,-1.154,22,高价值稳定型,0.091,权益/不打折,1446
1322,-1.157,5,促销敏感型2,0.8,权益/不打折,1447
1579,-1.157,5,促销敏感型,0.2,权益/不打折,1448
0827,-1.164,37,高价值稳定型,0.054,权益/不打折,1449
2229,-1.168,6,类目集中型,0.167,权益/不打折,1450
1007,-1.169,26,高价值稳定型,0.077,权益/不打折,1451
2383,-1.172,7,高价值稳定型,0.0,权益/不打折,1452
1300,-1.173,13,流失预警型,0.231,权益/不打折,1453
0525,-1.175,11,高价值稳定型2,0.182,权益/不打折,1454
0263,-1.177,4,促销敏感型2,0.0,权益/不打折,1455
0671,-1.178,5,促销敏感型,0.2,权益/不打折,1456
0966,-1.182,8,高价值稳定型2,0.125,权益/不打折,1457
0885,-1.183,9,促销敏感型,0.111,权益/不打折,1458
2299,-1.184,10,高价值稳定型2,0.3,权益/不打折,1459
0374,-1.184,40,高价值稳定型,0.025,权益/不打折,1460
0953,-1.186,15,促销敏感型,0.133,权益/不打折,1461
2342,-1.188,14,生鲜高频型,0.0,权益/不打折,1462
1872,-1.195,5,高价值稳定型2,0.4,权益/不打折,1463
2407,-1.198,11,高价值稳定型,0.0,权益/不打折,1464
1755,-1.207,16,高价值稳定型2,0.062,权益/不打折,1465
1273,-1.212,9,类目集中型,0.444,权益/不打折,1466
0964,-1.216,9,促销敏感型,0.222,权益/不打折,1467
0110,-1.219,14,高价值稳定型,0.214,权益/不打折,1468
2211,-1.227,4,促销敏感型2,0.25,权益/不打折,1469
2523,-1.228,6,生鲜高频型,0.0,权益/不打折,1470
0480,-1.235,18,高价值稳定型2,0.111,权益/不打折,1471
0326,-1.235,62,高价值稳定型,0.113,权益/不打折,1472
0478,-1.237,8,促销敏感型,0.0,权益/不打折,1473
1703,-1.237,14,促销敏感型,0.5,权益/不打折,1474
2603,-1.243,15,高价值稳定型2,0.0,权益/不打折,1475
2460,-1.245,10,高价值稳定型2,0.2,权益/不打折,1476
0745,-1.25,33,高价值稳定型,0.121,权益/不打折,1477
0683,-1.252,16,高价值稳定型2,0.0,权益/不打折,1478
2290,-1.254,4,促销敏感型,0.0,权益/不打折,1479
2314,-1.258,5,类目集中型,0.0,权益/不打折,1480
1776,-1.258,8,类目集中型,0.125,权益/不打折,1481
2309,-1.258,9,高价值稳定型2,0.0,权益/不打折,1482
2545,-1.262,14,高价值稳定型2,0.214,权益/不打折,1483
1236,-1.265,5,促销敏感型2,0.2,权益/不打折,1484
0590,-1.265,39,高价值稳定型2,0.077,权益/不打折,1485
0353,-1.277,40,高价值稳定型,0.05,权益/不打折,1486
1461,-1.279,3,类目集中型,0.0,权益/不打折,1487
2085,-1.28,14,高价值稳定型,0.0,权益/不打折,1488
0549,-1.282,20,类目集中型,0.05,权益/不打折,1489
1339,-1.284,11,流失预警型,0.091,权益/不打折,1490
0302,-1.284,11,促销敏感型,0.091,权益/不打折,1491
2154,-1.285,11,高价值稳定型2,0.0,权益/不打折,1492
1057,-1.288,3,流失预警型,0.0,权益/不打折,1493
1479,-1.288,9,流失预警型,0.111,权益/不打折,1494
2197,-1.289,2,高价值稳定型2,0.0,权益/不打折,1495
1040,-1.293,16,高价值稳定型2,0.062,权益/不打折,1496
1185,-1.294,41,高价值稳定型2,0.171,权益/不打折,1497
1360,-1.298,9,类目集中型,0.333,权益/不打折,1498
1754,-1.299,7,生鲜高频型,0.0,权益/不打折,1499
1883,-1.305,7,促销敏感型,0.143,权益/不打折,1500
1897,-1.315,6,促销敏感型2,0.5,权益/不打折,1501
0865,-1.323,22,高价值稳定型,0.091,权益/不打折,1502
1135,-1.328,19,高价值稳定型,0.158,权益/不打折,1503
2553,-1.328,5,高价值稳定型2,0.2,权益/不打折,1504
2552,-1.335,6,促销敏感型,0.0,权益/不打折,1505
1204,-1.345,54,高价值稳定型,0.111,权益/不打折,1506
2547,-1.346,6,促销敏感型,0.0,权益/不打折,1507
1136,-1.348,22,高价值稳定型,0.045,权益/不打折,1508
1573,-1.348,17,类目集中型,0.294,权益/不打折,1509
1955,-1.357,42,高价值稳定型,0.071,权益/不打折,1510
1055,-1.366,20,流失预警型,0.2,权益/不打折,1511
0620,-1.369,21,高价值稳定型,0.19,权益/不打折,1512
0822,-1.374,3,促销敏感型,0.333,权益/不打折,1513
0615,-1.376,15,高价值稳定型2,0.0,权益/不打折,1514
0155,-1.377,9,促销敏感型,0.556,权益/不打折,1515
2419,-1.384,2,生鲜高频型,0.0,权益/不打折,1516
0812,-1.388,21,高价值稳定型,0.048,权益/不打折,1517
2385,-1.397,5,生鲜高频型,0.0,权益/不打折,1518
0074,-1.4,117,高价值稳定型,0.12,权益/不打折,1519
0622,-1.403,26,促销敏感型,0.0,权益/不打折,1520
0519,-1.403,28,高价值稳定型,0.036,权益/不打折,1521
0036,-1.407,13,高价值稳定型2,0.308,权益/不打折,1522
0979,-1.408,6,生鲜高频型,0.0,权益/不打折,1523
1927,-1.415,44,高价值稳定型,0.045,权益/不打折,1524
1012,-1.418,12,生鲜高频型,0.0,权益/不打折,1525
0838,-1.418,11,生鲜高频型,0.091,权益/不打折,1526
0702,-1.418,7,促销敏感型,0.143,权益/不打折,1527
1725,-1.418,8,生鲜高频型,0.0,权益/不打折,1528
0186,-1.423,8,促销敏感型2,0.125,权益/不打折,1529
2133,-1.428,7,促销敏感型,0.143,权益/不打折,1530
1764,-1.43,2,类目集中型,0.5,权益/不打折,1531
2079,-1.433,11,高价值稳定型2,0.091,权益/不打折,1532
1424,-1.437,15,类目集中型,0.0,权益/不打折,1533
1323,-1.438,17,高价值稳定型2,0.353,权益/不打折,1534
1427,-1.438,6,类目集中型,0.167,权益/不打折,1535
1770,-1.439,2,促销敏感型2,0.0,权益/不打折,1536
1510,-1.44,13,促销敏感型,0.308,权益/不打折,1537
1641,-1.446,5,类目集中型,0.2,权益/不打折,1538
2011,-1.451,4,类目集中型,0.75,权益/不打折,1539
1453,-1.454,20,高价值稳定型2,0.15,权益/不打折,1540
1102,-1.455,16,流失预警型,0.125,权益/不打折,1541
2292,-1.465,5,生鲜高频型,0.0,权益/不打折,1542
0534,-1.465,9,促销敏感型,0.111,权益/不打折,1543
2297,-1.467,18,高价值稳定型2,0.222,权益/不打折,1544
2329,-1.468,4,高价值稳定型2,0.25,权益/不打折,1545
2005,-1.472,31,高价值稳定型2,0.065,权益/不打折,1546
0522,-1.473,24,高价值稳定型2,0.417,权益/不打折,1547
2151,-1.473,14,流失预警型,0.214,权益/不打折,1548
1954,-1.476,5,促销敏感型2,0.0,权益/不打折,1549
0508,-1.48,16,高价值稳定型2,0.188,权益/不打折,1550
0802,-1.481,4,促销敏感型2,0.25,权益/不打折,1551
2216,-1.483,4,生鲜高频型,0.0,权益/不打折,1552
2157,-1.495,7,高价值稳定型,0.0,权益/不打折,1553
1813,-1.501,9,高价值稳定型2,0.333,权益/不打折,1554
0791,-1.503,42,高价值稳定型2,0.024,权益/不打折,1555
0471,-1.506,16,高价值稳定型2,0.062,权益/不打折,1556
1150,-1.509,9,高价值稳定型2,0.111,权益/不打折,1557
1851,-1.511,18,高价值稳定型2,0.111,权益/不打折,1558
0320,-1.513,6,生鲜高频型,0.167,权益/不打折,1559
2234,-1.515,5,生鲜高频型,0.0,权益/不打折,1560
0633,-1.518,4,流失预警型,0.25,权益/不打折,1561
1766,-1.52,6,高价值稳定型2,0.0,权益/不打折,1562
0148,-1.525,2,促销敏感型2,1.0,权益/不打折,1563
1287,-1.528,21,高价值稳定型2,0.143,权益/不打折,1564
1138,-1.529,5,类目集中型,0.2,权益/不打折,1565
0921,-1.531,9,高价值稳定型2,0.0,权益/不打折,1566
2420,-1.532,8,高价值稳定型2,0.125,权益/不打折,1567
0101,-1.535,4,流失预警型,0.25,权益/不打折,1568
1166,-1.535,5,促销敏感型,0.0,权益/不打折,1569
2221,-1.537,7,类目集中型,0.0,权益/不打折,1570
0975,-1.539,21,高价值稳定型2,0.286,权益/不打折,1571
0709,-1.54,9,高价值稳定型2,0.111,权益/不打折,1572
2032,-1.541,4,生鲜高频型,0.25,权益/不打折,1573
0514,-1.547,6,流失预警型,0.167,权益/不打折,1574
2050,-1.556,11,促销敏感型,0.0,权益/不打折,1575
2280,-1.558,3,类目集中型,0.0,权益/不打折,1576
0681,-1.558,16,促销敏感型,0.375,权益/不打折,1577
1742,-1.559,7,生鲜高频型,0.0,权益/不打折,1578
1909,-1.56,30,高价值稳定型2,0.033,权益/不打折,1579
2230,-1.562,10,高价值稳定型2,0.1,权益/不打折,1580
1280,-1.566,10,高价值稳定型2,0.3,权益/不打折,1581
2086,-1.568,6,生鲜高频型,0.0,权益/不打折,1582
0310,-1.573,15,促销敏感型,0.067,权益/不打折,1583
2312,-1.573,3,生鲜高频型,0.0,权益/不打折,1584
0546,-1.581,19,高价值稳定型2,0.0,权益/不打折,1585
2238,-1.581,3,促销敏感型,0.333,权益/不打折,1586
1052,-1.588,5,生鲜高频型,0.0,权益/不打折,1587
2169,-1.59,3,高价值稳定型2,0.333,权益/不打折,1588
2146,-1.593,15,类目集中型,0.133,权益/不打折,1589
0349,-1.594,10,高价值稳定型,0.1,权益/不打折,1590
1409,-1.595,18,高价值稳定型2,0.222,权益/不打折,1591
1849,-1.598,10,促销敏感型,0.6,权益/不打折,1592
0479,-1.599,7,促销敏感型2,0.0,权益/不打折,1593
1110,-1.602,3,促销敏感型2,0.667,权益/不打折,1594
1222,-1.602,3,促销敏感型2,0.333,权益/不打折,1595
1139,-1.605,34,高价值稳定型2,0.235,权益/不打折,1596
0043,-1.608,17,高价值稳定型2,0.118,权益/不打折,1597
2173,-1.616,10,类目集中型,0.0,权益/不打折,1598
0208,-1.617,4,促销敏感型,0.25,权益/不打折,1599
0200,-1.618,7,高价值稳定型2,0.0,权益/不打折,1600
1993,-1.626,10,高价值稳定型2,0.2,权益/不打折,1601
2337,-1.627,10,高价值稳定型2,0.0,权益/不打折,1602
1791,-1.635,9,高价值稳定型2,0.0,权益/不打折,1603
1724,-1.638,23,高价值稳定型2,0.0,权益/不打折,1604
0369,-1.639,12,促销敏感型,0.333,权益/不打折,1605
0816,-1.645,22,高价值稳定型2,0.182,权益/不打折,1606
0868,-1.647,13,高价值稳定型2,0.154,权益/不打折,1607
0929,-1.653,12,流失预警型,0.333,权益/不打折,1608
1586,-1.656,3,促销敏感型2,0.0,权益/不打折,1609
0898,-1.661,10,高价值稳定型2,0.0,权益/不打折,1610
1606,-1.661,4,类目集中型,0.0,权益/不打折,1611
1457,-1.663,10,高价值稳定型2,0.3,权益/不打折,1612
0587,-1.664,14,高价值稳定型,0.0,权益/不打折,1613
1843,-1.665,7,高价值稳定型2,0.143,权益/不打折,1614
1132,-1.668,1,生鲜高频型,0.0,权益/不打折,1615
2390,-1.669,14,高价值稳定型,0.071,权益/不打折,1616
0491,-1.674,10,高价值稳定型2,0.0,权益/不打折,1617
2061,-1.682,15,高价值稳定型2,0.133,权益/不打折,1618
1286,-1.687,10,促销敏感型,0.2,权益/不打折,1619
2181,-1.699,2,促销敏感型2,0.0,权益/不打折,1620
0160,-1.701,6,促销敏感型,0.333,权益/不打折,1621
0332,-1.702,23,类目集中型,0.087,权益/不打折,1622
1155,-1.703,14,高价值稳定型2,0.357,权益/不打折,1623
0244,-1.71,23,高价值稳定型2,0.043,权益/不打折,1624
1017,-1.719,6,生鲜高频型,0.0,权益/不打折,1625
1730,-1.722,26,高价值稳定型2,0.308,权益/不打折,1626
1620,-1.726,6,流失预警型,0.5,权益/不打折,1627
2583,-1.729,6,高价值稳定型2,0.333,权益/不打折,1628
0271,-1.739,24,高价值稳定型,0.25,权益/不打折,1629
2183,-1.739,13,高价值稳定型2,0.077,权益/不打折,1630
1788,-1.74,5,生鲜高频型,0.0,权益/不打折,1631
0185,-1.741,7,促销敏感型,0.0,权益/不打折,1632
1279,-1.746,26,高价值稳定型,0.038,权益/不打折,1633
0141,-1.751,5,生鲜高频型,0.0,权益/不打折,1634
1289,-1.756,5,流失预警型,0.0,权益/不打折,1635
0897,-1.758,33,高价值稳定型2,0.03,权益/不打折,1636
0079,-1.76,6,流失预警型,0.333,权益/不打折,1637
1374,-1.76,24,高价值稳定型2,0.167,权益/不打折,1638
1894,-1.761,11,促销敏感型2,0.0,权益/不打折,1639
2006,-1.767,2,生鲜高频型,0.0,权益/不打折,1640
1910,-1.769,7,类目集中型,0.286,权益/不打折,1641
0697,-1.77,16,高价值稳定型2,0.125,权益/不打折,1642
1004,-1.771,11,高价值稳定型2,0.091,权益/不打折,1643
1926,-1.771,9,高价值稳定型,0.0,权益/不打折,1644
2162,-1.778,15,高价值稳定型2,0.067,权益/不打折,1645
0264,-1.787,25,高价值稳定型,0.04,权益/不打折,1646
0252,-1.787,4,促销敏感型2,0.5,权益/不打折,1647
1228,-1.789,21,高价值稳定型,0.0,权益/不打折,1648
1618,-1.79,4,类目集中型,0.5,权益/不打折,1649
1838,-1.794,7,类目集中型,0.286,权益/不打折,1650
2524,-1.797,7,类目集中型,0.286,权益/不打折,1651
0821,-1.798,3,促销敏感型2,0.0,权益/不打折,1652
2363,-1.799,3,促销敏感型,0.0,权益/不打折,1653
0178,-1.799,2,促销敏感型2,0.5,权益/不打折,1654
1744,-1.801,4,类目集中型,0.25,权益/不打折,1655
1919,-1.812,4,生鲜高频型,0.25,权益/不打折,1656
1464,-1.816,12,促销敏感型,0.0,权益/不打折,1657
2163,-1.821,7,高价值稳定型2,0.143,权益/不打折,1658
0948,-1.825,7,生鲜高频型,0.0,权益/不打折,1659
0108,-1.825,173,高价值稳定型,0.116,权益/不打折,1660
0976,-1.827,52,高价值稳定型,0.019,权益/不打折,1661
1247,-1.827,24,高价值稳定型2,0.25,权益/不打折,1662
1194,-1.829,4,流失预警型,0.25,权益/不打折,1663
1073,-1.831,15,高价值稳定型,0.2,权益/不打折,1664
1359,-1.832,12,高价值稳定型2,0.167,权益/不打折,1665
1178,-1.837,8,高价值稳定型2,0.0,权益/不打折,1666
2360,-1.838,14,高价值稳定型2,0.071,权益/不打折,1667
2310,-1.84,5,高价值稳定型2,0.6,权益/不打折,1668
1224,-1.84,5,促销敏感型2,0.4,权益/不打折,1669
1718,-1.842,14,高价值稳定型2,0.429,权益/不打折,1670
1756,-1.844,15,高价值稳定型2,0.067,权益/不打折,1671
1054,-1.845,20,高价值稳定型2,0.2,权益/不打折,1672
0628,-1.848,44,高价值稳定型,0.182,权益/不打折,1673
1746,-1.85,5,流失预警型,0.2,权益/不打折,1674
1965,-1.851,8,高价值稳定型2,0.0,权益/不打折,1675
0589,-1.852,14,高价值稳定型2,0.286,权益/不打折,1676
2550,-1.864,24,高价值稳定型2,0.0,权益/不打折,1677
1408,-1.866,7,高价值稳定型2,0.0,权益/不打折,1678
2414,-1.868,7,高价值稳定型2,0.0,权益/不打折,1679
0323,-1.875,5,促销敏感型2,0.2,权益/不打折,1680
1244,-1.876,23,高价值稳定型2,0.13,权益/不打折,1681
1556,-1.888,7,高价值稳定型2,0.286,权益/不打折,1682
2125,-1.89,17,高价值稳定型2,0.176,权益/不打折,1683
0559,-1.89,12,高价值稳定型2,0.0,权益/不打折,1684
2261,-1.891,14,高价值稳定型2,0.071,权益/不打折,1685
2355,-1.893,6,促销敏感型2,0.333,权益/不打折,1686
0423,-1.899,26,高价值稳定型,0.077,权益/不打折,1687
1101,-1.904,18,高价值稳定型2,0.111,权益/不打折,1688
0881,-1.908,21,高价值稳定型2,0.143,权益/不打折,1689
0237,-1.909,13,促销敏感型,0.077,权益/不打折,1690
1674,-1.914,17,高价值稳定型,0.0,权益/不打折,1691
0139,-1.918,74,高价值稳定型,0.081,权益/不打折,1692
2417,-1.92,1,促销敏感型2,0.0,权益/不打折,1693
1252,-1.921,12,高价值稳定型2,0.0,权益/不打折,1694
1921,-1.923,6,高价值稳定型2,0.0,权益/不打折,1695
1370,-1.923,8,高价值稳定型2,0.0,权益/不打折,1696
0571,-1.923,4,促销敏感型2,0.5,权益/不打折,1697
1584,-1.924,11,高价值稳定型2,0.0,权益/不打折,1698
0464,-1.927,60,高价值稳定型,0.017,权益/不打折,1699
0711,-1.939,16,高价值稳定型2,0.188,权益/不打折,1700
0736,-1.942,19,高价值稳定型,0.053,权益/不打折,1701
0211,-1.944,7,高价值稳定型2,0.143,权益/不打折,1702
0379,-1.945,10,生鲜高频型,0.0,权益/不打折,1703
1061,-1.952,36,高价值稳定型,0.028,权益/不打折,1704
1799,-1.954,9,生鲜高频型,0.0,权益/不打折,1705
2320,-1.954,9,类目集中型,0.0,权益/不打折,1706
0027,-1.957,7,促销敏感型2,0.0,权益/不打折,1707
1800,-1.961,1,生鲜高频型,0.0,权益/不打折,1708
1853,-1.966,2,促销敏感型2,0.0,权益/不打折,1709
1962,-1.978,6,流失预警型,0.167,权益/不打折,1710
1798,-1.982,8,流失预警型,0.25,权益/不打折,1711
0613,-1.982,12,流失预警型,0.417,权益/不打折,1712
0784,-1.984,4,流失预警型,0.5,权益/不打折,1713
1581,-1.987,6,流失预警型,0.0,权益/不打折,1714
1098,-1.989,7,高价值稳定型2,0.429,权益/不打折,1715
2091,-1.992,12,高价值稳定型2,0.0,权益/不打折,1716
1347,-2.005,6,类目集中型,0.833,权益/不打折,1717
0010,-2.006,27,高价值稳定型,0.074,权益/不打折,1718
2111,-2.008,3,生鲜高频型,0.0,权益/不打折,1719
0962,-2.013,64,高价值稳定型,0.203,权益/不打折,1720
1219,-2.019,3,促销敏感型2,0.333,权益/不打折,1721
0837,-2.023,12,流失预警型,0.25,权益/不打折,1722
0134,-2.024,57,高价值稳定型,0.035,权益/不打折,1723
1386,-2.028,18,高价值稳定型,0.111,权益/不打折,1724
0299,-2.035,17,高价值稳定型2,0.059,权益/不打折,1725
1801,-2.043,3,促销敏感型2,0.0,权益/不打折,1726
1201,-2.044,14,高价值稳定型,0.0,权益/不打折,1727
2425,-2.045,30,高价值稳定型2,0.067,权益/不打折,1728
1451,-2.049,15,高价值稳定型2,0.067,权益/不打折,1729
1018,-2.052,32,高价值稳定型2,0.062,权益/不打折,1730
1936,-2.058,11,促销敏感型,0.0,权益/不打折,1731
1988,-2.062,11,高价值稳定型2,0.0,权益/不打折,1732
2096,-2.072,7,高价值稳定型2,0.143,权益/不打折,1733
2036,-2.075,17,高价值稳定型2,0.059,权益/不打折,1734
0634,-2.08,17,高价值稳定型,0.059,权益/不打折,1735
0584,-2.082,8,促销敏感型,0.0,权益/不打折,1736
1728,-2.087,5,高价值稳定型2,0.2,权益/不打折,1737
0219,-2.088,4,类目集中型,0.0,权益/不打折,1738
2099,-2.091,12,高价值稳定型2,0.083,权益/不打折,1739
0077,-2.092,17,类目集中型,0.118,权益/不打折,1740
0610,-2.105,19,促销敏感型,0.053,权益/不打折,1741
1142,-2.106,4,生鲜高频型,0.0,权益/不打折,1742
1633,-2.108,10,高价值稳定型2,0.0,权益/不打折,1743
0790,-2.11,16,流失预警型,0.0,权益/不打折,1744
2319,-2.115,7,高价值稳定型2,0.0,权益/不打折,1745
1535,-2.119,17,高价值稳定型2,0.059,权益/不打折,1746
1455,-2.124,13,类目集中型,0.0,权益/不打折,1747
0720,-2.125,3,流失预警型,0.333,权益/不打折,1748
0531,-2.128,18,高价值稳定型2,0.111,权益/不打折,1749
0691,-2.15,9,高价值稳定型2,0.111,权益/不打折,1750
0870,-2.151,3,促销敏感型2,0.0,权益/不打折,1751
1107,-2.153,20,促销敏感型,0.2,权益/不打折,1752
0561,-2.153,7,生鲜高频型,0.0,权益/不打折,1753
0806,-2.154,5,流失预警型,0.0,权益/不打折,1754
0035,-2.154,12,促销敏感型,0.0,权益/不打折,1755
0333,-2.157,11,高价值稳定型2,0.273,权益/不打折,1756
0800,-2.158,8,类目集中型,0.125,权益/不打折,1757
1499,-2.158,9,促销敏感型2,0.444,权益/不打折,1758
2411,-2.162,4,生鲜高频型,0.5,权益/不打折,1759
2486,-2.164,7,高价值稳定型2,0.429,权益/不打折,1760
1658,-2.165,16,高价值稳定型2,0.0,权益/不打折,1761
0820,-2.169,5,类目集中型,0.0,权益/不打折,1762
1399,-2.171,16,高价值稳定型2,0.062,权益/不打折,1763
2399,-2.171,2,促销敏感型2,0.0,权益/不打折,1764
2029,-2.181,5,高价值稳定型2,0.2,权益/不打折,1765
0096,-2.183,15,促销敏感型,0.0,权益/不打折,1766
1217,-2.185,3,促销敏感型2,1.0,权益/不打折,1767
2437,-2.188,4,促销敏感型2,0.0,权益/不打折,1768
0668,-2.195,18,高价值稳定型2,0.056,权益/不打折,1769
0166,-2.195,11,促销敏感型,0.091,权益/不打折,1770
1953,-2.197,15,促销敏感型,0.133,权益/不打折,1771
1759,-2.203,7,高价值稳定型2,0.0,权益/不打折,1772
1460,-2.204,5,流失预警型,0.0,权益/不打折,1773
2308,-2.207,16,高价值稳定型2,0.0,权益/不打折,1774
1604,-2.211,13,促销敏感型,0.077,权益/不打折,1775
0967,-2.213,10,类目集中型,0.0,权益/不打折,1776
0680,-2.216,13,高价值稳定型,0.0,权益/不打折,1777
2267,-2.217,6,类目集中型,0.0,权益/不打折,1778
1986,-2.226,7,高价值稳定型2,0.0,权益/不打折,1779
1085,-2.227,2,生鲜高频型,0.0,权益/不打折,1780
1500,-2.228,10,促销敏感型2,0.6,权益/不打折,1781
1334,-2.232,14,高价值稳定型2,0.071,权益/不打折,1782
2378,-2.235,14,高价值稳定型2,0.071,权益/不打折,1783
1942,-2.236,10,流失预警型,0.1,权益/不打折,1784
1669,-2.242,8,高价值稳定型2,0.125,权益/不打折,1785
1775,-2.243,3,促销敏感型,0.0,权益/不打折,1786
1226,-2.244,27,高价值稳定型,0.148,权益/不打折,1787
0390,-2.246,9,促销敏感型2,0.0,权益/不打折,1788
0000,-2.248,5,流失预警型,0.0,权益/不打折,1789
0956,-2.25,29,高价值稳定型,0.069,权益/不打折,1790
0558,-2.261,10,促销敏感型,0.0,权益/不打折,1791
0515,-2.264,33,高价值稳定型,0.03,权益/不打折,1792
1205,-2.284,14,高价值稳定型2,0.071,权益/不打折,1793
0797,-2.285,15,高价值稳定型2,0.133,权益/不打折,1794
0268,-2.288,20,高价值稳定型2,0.1,权益/不打折,1795
1341,-2.289,3,促销敏感型2,0.0,权益/不打折,1796
2002,-2.299,4,生鲜高频型,0.0,权益/不打折,1797
0407,-2.309,7,促销敏感型,0.429,权益/不打折,1798
0894,-2.312,13,高价值稳定型2,0.0,权益/不打折,1799
1911,-2.312,3,生鲜高频型,0.0,权益/不打折,1800
1413,-2.316,16,高价值稳定型,0.188,权益/不打折,1801
1338,-2.322,7,类目集中型,0.0,权益/不打折,1802
2100,-2.322,3,促销敏感型2,0.0,权益/不打折,1803
2025,-2.331,13,促销敏感型,0.154,权益/不打折,1804
2564,-2.334,3,生鲜高频型,0.0,权益/不打折,1805
2244,-2.338,1,流失预警型,0.0,权益/不打折,1806
0475,-2.338,3,类目集中型,0.0,权益/不打折,1807
2170,-2.35,5,生鲜高频型,0.0,权益/不打折,1808
1990,-2.365,6,流失预警型,0.0,权益/不打折,1809
0406,-2.37,3,促销敏感型,0.333,权益/不打折,1810
2222,-2.373,12,高价值稳定型2,0.083,权益/不打折,1811
0147,-2.377,7,类目集中型,0.143,权益/不打折,1812
1066,-2.379,6,生鲜高频型,0.167,权益/不打折,1813
2331,-2.383,3,促销敏感型2,0.333,权益/不打折,1814
1981,-2.384,18,高价值稳定型,0.0,权益/不打折,1815
0089,-2.388,5,流失预警型,0.0,权益/不打折,1816
2401,-2.394,3,生鲜高频型,0.0,权益/不打折,1817
2345,-2.405,17,高价值稳定型2,0.118,权益/不打折,1818
0375,-2.406,21,高价值稳定型2,0.333,权益/不打折,1819
2557,-2.406,9,高价值稳定型2,0.0,权益/不打折,1820
2381,-2.417,4,类目集中型,0.0,权益/不打折,1821
0606,-2.419,4,生鲜高频型,0.0,权益/不打折,1822
2344,-2.419,13,高价值稳定型2,0.077,权益/不打折,1823
0930,-2.422,4,流失预警型,0.0,权益/不打折,1824
1824,-2.426,9,流失预警型,0.111,权益/不打折,1825
0504,-2.426,3,生鲜高频型,0.0,权益/不打折,1826
2208,-2.429,7,促销敏感型,0.0,权益/不打折,1827
2357,-2.431,9,生鲜高频型,0.111,权益/不打折,1828
1702,-2.433,4,类目集中型,0.5,权益/不打折,1829
1345,-2.438,5,类目集中型,0.0,权益/不打折,1830
1721,-2.438,9,高价值稳定型2,0.222,权益/不打折,1831
1836,-2.441,26,促销敏感型,0.0,权益/不打折,1832
0635,-2.445,12,高价值稳定型2,0.167,权益/不打折,1833
1996,-2.453,4,高价值稳定型2,0.0,权益/不打折,1834
2074,-2.455,7,类目集中型,0.0,权益/不打折,1835
1206,-2.457,11,流失预警型,0.0,权益/不打折,1836
2435,-2.468,12,高价值稳定型2,0.083,权益/不打折,1837
1647,-2.474,2,促销敏感型,0.5,权益/不打折,1838
0259,-2.477,9,高价值稳定型,0.0,权益/不打折,1839
0915,-2.477,13,高价值稳定型,0.0,权益/不打折,1840
1825,-2.484,4,高价值稳定型2,0.25,权益/不打折,1841
1356,-2.487,7,类目集中型,0.143,权益/不打折,1842
0216,-2.488,14,促销敏感型,0.071,权益/不打折,1843
1042,-2.5,18,高价值稳定型2,0.167,权益/不打折,1844
2610,-2.503,2,促销敏感型2,0.0,权益/不打折,1845
0233,-2.505,13,流失预警型,0.0,权益/不打折,1846
0664,-2.516,22,促销敏感型,0.045,权益/不打折,1847
0833,-2.517,23,高价值稳定型,0.13,权益/不打折,1848
2167,-2.519,5,类目集中型,0.2,权益/不打折,1849
1859,-2.52,3,生鲜高频型,0.0,权益/不打折,1850
0568,-2.524,9,高价值稳定型,0.111,权益/不打折,1851
2286,-2.525,3,促销敏感型2,0.0,权益/不打折,1852
0575,-2.528,22,高价值稳定型,0.136,权益/不打折,1853
0961,-2.528,2,流失预警型,0.0,权益/不打折,1854
0759,-2.529,11,高价值稳定型2,0.0,权益/不打折,1855
1555,-2.532,8,促销敏感型,0.125,权益/不打折,1856
1687,-2.533,21,高价值稳定型,0.143,权益/不打折,1857
2117,-2.535,8,高价值稳定型2,0.125,权益/不打折,1858
0686,-2.537,6,促销敏感型2,0.333,权益/不打折,1859
1831,-2.539,5,促销敏感型,0.2,权益/不打折,1860
1660,-2.54,3,促销敏感型,0.0,权益/不打折,1861
1949,-2.547,10,高价值稳定型2,0.1,权益/不打折,1862
2232,-2.552,12,高价值稳定型2,0.0,权益/不打折,1863
2291,-2.554,8,类目集中型,0.125,权益/不打折,1864
1661,-2.562,7,促销敏感型,0.0,权益/不打折,1865
2605,-2.566,5,生鲜高频型,0.0,权益/不打折,1866
0521,-2.568,10,促销敏感型,0.0,权益/不打折,1867
0874,-2.568,19,高价值稳定型2,0.0,权益/不打折,1868
2241,-2.569,8,生鲜高频型,0.0,权益/不打折,1869
1912,-2.588,5,高价值稳定型2,0.2,权益/不打折,1870
1358,-2.59,6,生鲜高频型,0.0,权益/不打折,1871
1084,-2.59,3,促销敏感型2,0.0,权益/不打折,1872
0636,-2.596,23,高价值稳定型2,0.0,权益/不打折,1873
1532,-2.606,5,促销敏感型2,0.2,权益/不打折,1874
0751,-2.613,20,高价值稳定型2,0.1,权益/不打折,1875
0056,-2.614,27,高价值稳定型,0.148,权益/不打折,1876
1935,-2.621,8,流失预警型,0.0,权益/不打折,1877
0315,-2.622,6,高价值稳定型,0.167,权益/不打折,1878
2579,-2.625,2,促销敏感型2,0.0,权益/不打折,1879
2264,-2.627,21,促销敏感型,0.095,权益/不打折,1880
1050,-2.63,6,促销敏感型2,0.167,权益/不打折,1881
2389,-2.632,3,类目集中型,0.0,权益/不打折,1882
0428,-2.634,7,类目集中型,0.0,权益/不打折,1883
1306,-2.635,20,高价值稳定型2,0.15,权益/不打折,1884
1596,-2.641,27,高价值稳定型,0.037,权益/不打折,1885
0801,-2.653,14,促销敏感型,0.0,权益/不打折,1886
0361,-2.668,11,高价值稳定型,0.364,权益/不打折,1887
0742,-2.668,7,流失预警型,0.429,权益/不打折,1888
0648,-2.67,3,流失预警型,0.0,权益/不打折,1889
2012,-2.674,8,生鲜高频型,0.0,权益/不打折,1890
1010,-2.675,14,类目集中型,0.071,权益/不打折,1891
2318,-2.688,8,生鲜高频型,0.375,权益/不打折,1892
1665,-2.698,11,高价值稳定型2,0.182,权益/不打折,1893
0824,-2.717,14,流失预警型,0.0,权益/不打折,1894
0145,-2.719,78,高价值稳定型,0.064,权益/不打折,1895
0395,-2.721,175,高价值稳定型,0.257,权益/不打折,1896
0789,-2.721,10,促销敏感型,0.1,权益/不打折,1897
1905,-2.731,1,促销敏感型2,0.0,权益/不打折,1898
2047,-2.731,7,高价值稳定型2,0.286,权益/不打折,1899
2413,-2.735,6,高价值稳定型2,0.667,权益/不打折,1900
1065,-2.739,9,促销敏感型,0.0,权益/不打折,1901
0723,-2.746,11,高价值稳定型,0.091,权益/不打折,1902
1893,-2.754,4,高价值稳定型2,0.25,权益/不打折,1903
1834,-2.763,6,高价值稳定型2,0.0,权益/不打折,1904
0781,-2.774,6,促销敏感型2,0.0,权益/不打折,1905
2426,-2.783,5,类目集中型,0.4,权益/不打折,1906
2090,-2.786,6,高价值稳定型2,0.167,权益/不打折,1907
2316,-2.797,4,高价值稳定型2,0.0,权益/不打折,1908
1760,-2.799,3,促销敏感型,0.0,权益/不打折,1909
1237,-2.801,17,高价值稳定型2,0.059,权益/不打折,1910
0420,-2.811,4,流失预警型,0.0,权益/不打折,1911
0775,-2.814,2,类目集中型,1.0,权益/不打折,1912
0004,-2.815,18,高价值稳定型2,0.056,权益/不打折,1913
0706,-2.821,31,高价值稳定型,0.032,权益/不打折,1914
0799,-2.829,6,类目集中型,0.333,权益/不打折,1915
1079,-2.839,6,流失预警型,0.5,权益/不打折,1916
0288,-2.848,4,促销敏感型2,0.0,权益/不打折,1917
1125,-2.855,3,类目集中型,0.667,权益/不打折,1918
2247,-2.858,7,高价值稳定型2,0.143,权益/不打折,1919
1361,-2.86,2,促销敏感型2,0.0,权益/不打折,1920
1671,-2.889,16,流失预警型,0.062,权益/不打折,1921
1751,-2.891,18,高价值稳定型,0.056,权益/不打折,1922
1056,-2.892,12,促销敏感型,0.25,权益/不打折,1923
2110,-2.893,19,高价值稳定型2,0.0,权益/不打折,1924
0403,-2.898,16,高价值稳定型,0.125,权益/不打折,1925
2369,-2.901,9,类目集中型,0.0,权益/不打折,1926
1693,-2.909,9,流失预警型,0.0,权益/不打折,1927
2582,-2.91,13,高价值稳定型2,0.385,权益/不打折,1928
2484,-2.922,3,生鲜高频型,0.0,权益/不打折,1929
2257,-2.923,13,类目集中型,0.0,权益/不打折,1930
0094,-2.931,38,高价值稳定型,0.026,权益/不打折,1931
0131,-2.943,11,促销敏感型,0.091,权益/不打折,1932
0275,-2.945,3,流失预警型,0.333,权益/不打折,1933
2192,-2.946,3,促销敏感型,0.333,权益/不打折,1934
0319,-2.946,2,促销敏感型2,0.0,权益/不打折,1935
0629,-2.961,21,促销敏感型,0.333,权益/不打折,1936
0126,-2.961,28,高价值稳定型,0.107,权益/不打折,1937
0449,-2.966,3,促销敏感型,0.0,权益/不打折,1938
1134,-2.968,9,促销敏感型,0.0,权益/不打折,1939
0886,-2.974,12,促销敏感型,0.0,权益/不打折,1940
0935,-2.978,18,类目集中型,0.056,权益/不打折,1941
2586,-2.978,11,高价值稳定型2,0.091,权益/不打折,1942
1126,-2.988,11,高价值稳定型2,0.182,权益/不打折,1943
0882,-2.99,7,类目集中型,0.0,权益/不打折,1944
0510,-2.992,8,高价值稳定型2,0.0,权益/不打折,1945
2212,-2.993,6,促销敏感型,0.0,权益/不打折,1946
2541,-3.007,3,类目集中型,0.0,权益/不打折,1947
1275,-3.011,9,流失预警型,0.111,权益/不打折,1948
2233,-3.013,14,高价值稳定型2,0.143,权益/不打折,1949
2084,-3.022,6,类目集中型,0.0,权益/不打折,1950
0273,-3.024,12,高价值稳定型,0.083,权益/不打折,1951
2070,-3.041,4,促销敏感型2,0.25,权益/不打折,1952
0328,-3.054,10,流失预警型,0.0,权益/不打折,1953
1321,-3.064,4,促销敏感型2,0.5,权益/不打折,1954
0673,-3.072,14,高价值稳定型2,0.0,权益/不打折,1955
2000,-3.073,10,高价值稳定型,0.0,权益/不打折,1956
2359,-3.077,3,生鲜高频型,0.0,权益/不打折,1957
2164,-3.078,10,高价值稳定型2,0.0,权益/不打折,1958
1014,-3.081,6,类目集中型,1.0,权益/不打折,1959
0909,-3.087,13,促销敏感型,0.308,权益/不打折,1960
0991,-3.095,21,流失预警型,0.0,权益/不打折,1961
2348,-3.117,8,类目集中型,0.0,权益/不打折,1962
0925,-3.117,90,高价值稳定型,0.167,权益/不打折,1963
1976,-3.123,10,类目集中型,0.1,权益/不打折,1964
0022,-3.125,7,促销敏感型2,0.429,权益/不打折,1965
1075,-3.138,10,生鲜高频型,0.0,权益/不打折,1966
1492,-3.186,3,类目集中型,0.333,权益/不打折,1967
0426,-3.192,5,生鲜高频型,0.0,权益/不打折,1968
0955,-3.193,4,流失预警型,0.25,权益/不打折,1969
0715,-3.193,6,类目集中型,0.0,权益/不打折,1970
1184,-3.197,8,生鲜高频型,0.0,权益/不打折,1971
0581,-3.202,14,促销敏感型,0.143,权益/不打折,1972
1260,-3.202,4,流失预警型,0.0,权益/不打折,1973
0656,-3.219,10,促销敏感型,0.1,权益/不打折,1974
2589,-3.225,3,流失预警型,0.0,权益/不打折,1975
1218,-3.226,2,生鲜高频型,0.0,权益/不打折,1976
0537,-3.235,14,高价值稳定型2,0.071,权益/不打折,1977
1998,-3.24,10,高价值稳定型,0.0,权益/不打折,1978
0719,-3.243,9,流失预警型,0.222,权益/不打折,1979
1700,-3.25,8,高价值稳定型2,0.0,权益/不打折,1980
2060,-3.259,5,类目集中型,0.0,权益/不打折,1981
0532,-3.27,31,高价值稳定型,0.097,权益/不打折,1982
0526,-3.274,30,高价值稳定型2,0.233,权益/不打折,1983
1634,-3.278,5,促销敏感型,0.2,权益/不打折,1984
1803,-3.281,4,流失预警型,0.0,权益/不打折,1985
0728,-3.296,13,类目集中型,0.0,权益/不打折,1986
2436,-3.299,4,生鲜高频型,0.0,权益/不打折,1987
1753,-3.3,2,促销敏感型2,0.5,权益/不打折,1988
0069,-3.3,10,高价值稳定型2,0.0,权益/不打折,1989
2604,-3.31,9,高价值稳定型2,0.0,权益/不打折,1990
0511,-3.343,13,高价值稳定型2,0.077,权益/不打折,1991
2068,-3.364,5,高价值稳定型2,0.0,权益/不打折,1992
0016,-3.371,19,高价值稳定型2,0.105,权益/不打折,1993
2160,-3.373,3,促销敏感型,0.0,权益/不打折,1994
0582,-3.376,11,高价值稳定型2,0.091,权益/不打折,1995
0292,-3.382,4,促销敏感型,0.0,权益/不打折,1996
1475,-3.392,9,高价值稳定型2,0.0,权益/不打折,1997
0825,-3.395,8,流失预警型,0.0,权益/不打折,1998
0191,-3.395,17,高价值稳定型2,0.059,权益/不打折,1999
2571,-3.396,8,高价值稳定型2,0.125,权益/不打折,2000
1870,-3.429,9,流失预警型,0.0,权益/不打折,2001
1790,-3.435,5,促销敏感型,0.0,权益/不打折,2002
0158,-3.446,4,流失预警型,0.0,权益/不打折,2003
1392,-3.463,3,生鲜高频型,0.0,权益/不打折,2004
1701,-3.474,13,高价值稳定型2,0.154,权益/不打折,2005
0384,-3.481,6,类目集中型,0.0,权益/不打折,2006
0844,-3.483,10,促销敏感型2,0.0,权益/不打折,2007
2404,-3.483,3,生鲜高频型,0.0,权益/不打折,2008
1156,-3.485,6,促销敏感型2,0.0,权益/不打折,2009
2494,-3.494,4,生鲜高频型,0.0,权益/不打折,2010
2041,-3.507,7,高价值稳定型2,0.0,权益/不打折,2011
1332,-3.511,10,高价值稳定型2,0.0,权益/不打折,2012
1697,-3.514,5,高价值稳定型2,0.2,权益/不打折,2013
1349,-3.52,3,促销敏感型2,0.333,权益/不打折,2014
2538,-3.523,8,类目集中型,0.0,权益/不打折,2015
0050,-3.532,9,高价值稳定型2,0.0,权益/不打折,2016
2465,-3.533,5,高价值稳定型2,0.2,权益/不打折,2017
0529,-3.546,15,促销敏感型,0.0,权益/不打折,2018
1242,-3.567,2,生鲜高频型,0.0,权益/不打折,2019
0995,-3.579,6,流失预警型,0.0,权益/不打折,2020
0602,-3.589,9,生鲜高频型,0.0,权益/不打折,2021
0949,-3.591,3,促销敏感型2,0.333,权益/不打折,2022
2412,-3.605,1,生鲜高频型,0.0,权益/不打折,2023
1449,-3.605,10,高价值稳定型2,0.0,权益/不打折,2024
1028,-3.606,8,高价值稳定型2,0.0,权益/不打折,2025
1876,-3.611,3,生鲜高频型,0.0,权益/不打折,2026
0430,-3.614,6,类目集中型,0.0,权益/不打折,2027
2114,-3.616,4,高价值稳定型2,0.0,权益/不打折,2028
1203,-3.619,6,促销敏感型,0.333,权益/不打折,2029
1484,-3.625,10,高价值稳定型2,0.1,权益/不打折,2030
1195,-3.63,2,促销敏感型2,0.0,权益/不打折,2031
0877,-3.63,42,高价值稳定型,0.024,权益/不打折,2032
2598,-3.63,2,促销敏感型2,0.5,权益/不打折,2033
0884,-3.634,6,类目集中型,0.0,权益/不打折,2034
0601,-3.639,35,高价值稳定型2,0.0,权益/不打折,2035
1327,-3.645,15,高价值稳定型2,0.4,权益/不打折,2036
1512,-3.663,48,高价值稳定型2,0.104,权益/不打折,2037
1069,-3.672,8,高价值稳定型2,0.25,权益/不打折,2038
0756,-3.674,8,高价值稳定型2,0.125,权益/不打折,2039
2367,-3.696,2,促销敏感型2,0.5,权益/不打折,2040
0446,-3.698,4,促销敏感型2,0.0,权益/不打折,2041
1113,-3.698,4,促销敏感型2,0.0,权益/不打折,2042
1739,-3.704,7,高价值稳定型2,0.143,权益/不打折,2043
0009,-3.705,9,类目集中型,0.0,权益/不打折,2044
1734,-3.707,4,高价值稳定型2,0.0,权益/不打折,2045
0869,-3.737,4,促销敏感型2,0.0,权益/不打折,2046
2055,-3.742,3,促销敏感型2,0.333,权益/不打折,2047
0899,-3.75,3,促销敏感型2,0.0,权益/不打折,2048
1817,-3.75,6,生鲜高频型,0.0,权益/不打折,2049
0213,-3.784,2,促销敏感型2,0.0,权益/不打折,2050
1233,-3.8,30,高价值稳定型,0.5,权益/不打折,2051
0632,-3.801,3,类目集中型,0.0,权益/不打折,2052
1783,-3.805,5,生鲜高频型,0.0,权益/不打折,2053
0029,-3.805,3,促销敏感型,0.333,权益/不打折,2054
1699,-3.81,10,高价值稳定型2,0.1,权益/不打折,2055
1890,-3.827,5,促销敏感型,0.4,权益/不打折,2056
2207,-3.833,4,类目集中型,0.25,权益/不打折,2057
1477,-3.846,4,类目集中型,0.0,权益/不打折,2058
1373,-3.859,10,高价值稳定型2,0.1,权益/不打折,2059
0823,-3.865,11,高价值稳定型2,0.0,权益/不打折,2060
0778,-3.87,2,流失预警型,0.5,权益/不打折,2061
1937,-3.881,5,类目集中型,0.0,权益/不打折,2062
1933,-3.881,5,类目集中型,0.0,权益/不打折,2063
1269,-3.882,5,生鲜高频型,0.0,权益/不打折,2064
0552,-3.892,7,高价值稳定型2,0.0,权益/不打折,2065
0443,-3.893,36,高价值稳定型2,0.083,权益/不打折,2066
1086,-3.895,2,类目集中型,0.5,权益/不打折,2067
1749,-3.913,7,促销敏感型,0.143,权益/不打折,2068
1863,-3.92,8,流失预警型,0.125,权益/不打折,2069
0177,-3.925,31,高价值稳定型,0.065,权益/不打折,2070
2001,-3.925,3,高价值稳定型2,0.333,权益/不打折,2071
1833,-3.928,4,类目集中型,0.0,权益/不打折,2072
1369,-3.928,2,生鲜高频型,0.0,权益/不打折,2073
1337,-3.942,8,高价值稳定型2,0.0,权益/不打折,2074
0234,-3.967,2,促销敏感型2,0.0,权益/不打折,2075
2415,-3.984,5,高价值稳定型2,0.2,权益/不打折,2076
1248,-3.992,3,类目集中型,0.0,权益/不打折,2077
0112,-4.015,4,促销敏感型2,0.0,权益/不打折,2078
2352,-4.057,3,促销敏感型2,0.333,权益/不打折,2079
2254,-4.074,3,促销敏感型2,0.0,权益/不打折,2080
1064,-4.074,62,高价值稳定型,0.419,权益/不打折,2081
2379,-4.086,7,高价值稳定型2,0.0,权益/不打折,2082
1785,-4.113,3,促销敏感型2,0.0,权益/不打折,2083
0957,-4.114,9,促销敏感型,0.111,权益/不打折,2084
1481,-4.13,3,促销敏感型2,0.0,权益/不打折,2085
1020,-4.136,11,促销敏感型,0.0,权益/不打折,2086
1907,-4.167,4,类目集中型,0.0,权益/不打折,2087
1026,-4.17,19,高价值稳定型2,0.474,权益/不打折,2088
1379,-4.199,8,类目集中型,0.125,权益/不打折,2089
1232,-4.205,21,高价值稳定型2,0.048,权益/不打折,2090
1551,-4.21,2,类目集中型,0.5,权益/不打折,2091
2493,-4.215,4,生鲜高频型,0.25,权益/不打折,2092
1885,-4.247,2,生鲜高频型,0.0,权益/不打折,2093
0052,-4.247,292,高价值稳定型,0.264,权益/不打折,2094
1619,-4.256,5,促销敏感型2,1.0,权益/不打折,2095
1928,-4.267,4,促销敏感型2,0.0,权益/不打折,2096
0225,-4.296,3,促销敏感型2,0.0,权益/不打折,2097
1673,-4.301,4,类目集中型,0.25,权益/不打折,2098
0557,-4.305,5,高价值稳定型2,0.2,权益/不打折,2099
2235,-4.317,4,类目集中型,0.25,权益/不打折,2100
0659,-4.318,5,高价值稳定型2,0.0,权益/不打折,2101
1575,-4.323,24,高价值稳定型2,0.083,权益/不打折,2102
1183,-4.33,2,促销敏感型2,0.5,权益/不打折,2103
1758,-4.342,3,高价值稳定型2,0.333,权益/不打折,2104
1180,-4.351,3,促销敏感型2,0.333,权益/不打折,2105
0356,-4.358,5,流失预警型,0.2,权益/不打折,2106
2409,-4.377,6,类目集中型,0.0,权益/不打折,2107
2555,-4.387,5,类目集中型,0.0,权益/不打折,2108
1951,-4.413,6,高价值稳定型2,0.167,权益/不打折,2109
1974,-4.424,3,高价值稳定型2,0.0,权益/不打折,2110
2505,-4.431,1,生鲜高频型,0.0,权益/不打折,2111
1852,-4.431,1,生鲜高频型,0.0,权益/不打折,2112
2288,-4.436,5,流失预警型,0.2,权益/不打折,2113
2581,-4.443,5,高价值稳定型2,0.4,权益/不打折,2114
0103,-4.457,17,高价值稳定型,0.0,权益/不打折,2115
1009,-4.461,4,促销敏感型,0.0,权益/不打折,2116
2335,-4.462,2,生鲜高频型,0.0,权益/不打折,2117
0895,-4.473,2,生鲜高频型,0.0,权益/不打折,2118
2071,-4.504,6,高价值稳定型2,0.167,权益/不打折,2119
1779,-4.506,4,生鲜高频型,0.0,权益/不打折,2120
2191,-4.514,3,生鲜高频型,0.0,权益/不打折,2121
1471,-4.53,18,高价值稳定型2,0.222,权益/不打折,2122
0743,-4.534,7,高价值稳定型2,0.143,权益/不打折,2123
0846,-4.56,17,高价值稳定型,0.059,权益/不打折,2124
1067,-4.571,5,高价值稳定型2,0.0,权益/不打折,2125
0951,-4.572,7,促销敏感型2,0.0,权益/不打折,2126
1707,-4.582,2,促销敏感型2,0.5,权益/不打折,2127
1875,-4.606,7,生鲜高频型,0.0,权益/不打折,2128
0222,-4.62,3,生鲜高频型,0.0,权益/不打折,2129
2058,-4.663,3,类目集中型,0.0,权益/不打折,2130
1262,-4.674,4,流失预警型,0.0,权益/不打折,2131
0277,-4.674,24,流失预警型,0.375,权益/不打折,2132
0038,-4.676,49,高价值稳定型,0.082,权益/不打折,2133
1094,-4.677,4,促销敏感型,0.0,权益/不打折,2134
0488,-4.678,13,高价值稳定型2,0.154,权益/不打折,2135
0162,-4.681,21,高价值稳定型2,0.048,权益/不打折,2136
1850,-4.688,3,流失预警型,0.0,权益/不打折,2137
0850,-4.703,3,促销敏感型2,0.0,权益/不打折,2138
0098,-4.708,3,促销敏感型,0.0,权益/不打折,2139
2262,-4.709,10,高价值稳定型2,0.0,权益/不打折,2140
0257,-4.771,2,类目集中型,0.0,权益/不打折,2141
2489,-4.791,4,高价值稳定型2,0.0,权益/不打折,2142
0285,-4.804,3,生鲜高频型,0.0,权益/不打折,2143
2469,-4.805,2,生鲜高频型,0.0,权益/不打折,2144
1520,-4.81,11,高价值稳定型2,0.091,权益/不打折,2145
0543,-4.82,3,促销敏感型2,0.333,权益/不打折,2146
1536,-4.831,2,生鲜高频型,0.0,权益/不打折,2147
1435,-4.858,4,流失预警型,0.25,权益/不打折,2148
0393,-4.858,3,促销敏感型,0.333,权益/不打折,2149
2057,-4.86,3,类目集中型,0.0,权益/不打折,2150
0392,-4.872,7,促销敏感型2,0.143,权益/不打折,2151
2607,-4.878,3,生鲜高频型,0.0,权益/不打折,2152
0539,-4.888,22,高价值稳定型,0.091,权益/不打折,2153
2353,-4.89,4,生鲜高频型,0.0,权益/不打折,2154
2109,-4.899,3,促销敏感型2,0.0,权益/不打折,2155
0585,-4.901,1,生鲜高频型,0.0,权益/不打折,2156
1022,-4.935,2,生鲜高频型,0.0,权益/不打折,2157
0810,-4.942,6,促销敏感型2,0.0,权益/不打折,2158
1782,-4.957,18,高价值稳定型2,0.0,权益/不打折,2159
1842,-4.969,1,促销敏感型2,0.0,权益/不打折,2160
0612,-4.982,4,促销敏感型2,0.0,权益/不打折,2161
0854,-5.017,5,高价值稳定型2,0.0,权益/不打折,2162
0776,-5.02,2,流失预警型,0.0,权益/不打折,2163
2430,-5.022,3,生鲜高频型,0.0,权益/不打折,2164
0028,-5.035,2,促销敏感型2,0.0,权益/不打折,2165
0618,-5.036,2,促销敏感型2,0.0,权益/不打折,2166
0518,-5.038,6,类目集中型,0.0,权益/不打折,2167
0014,-5.042,16,高价值稳定型,0.0,权益/不打折,2168
0431,-5.057,24,高价值稳定型2,0.0,权益/不打折,2169
0230,-5.084,8,促销敏感型,0.0,权益/不打折,2170
2300,-5.085,4,生鲜高频型,0.0,权益/不打折,2171
0829,-5.143,2,流失预警型,0.0,权益/不打折,2172
2608,-5.15,3,高价值稳定型2,0.0,权益/不打折,2173
2565,-5.156,2,类目集中型,0.0,权益/不打折,2174
1181,-5.157,3,流失预警型,0.0,权益/不打折,2175
0364,-5.16,2,促销敏感型2,0.0,权益/不打折,2176
2051,-5.164,3,生鲜高频型,0.0,权益/不打折,2177
1112,-5.209,2,流失预警型,0.0,权益/不打折,2178
0747,-5.211,8,类目集中型,0.0,权益/不打折,2179
1000,-5.219,6,类目集中型,0.333,权益/不打折,2180
2439,-5.224,2,生鲜高频型,0.0,权益/不打折,2181
0138,-5.228,2,生鲜高频型,0.0,权益/不打折,2182
0760,-5.297,4,促销敏感型,0.0,权益/不打折,2183
2214,-5.3,5,流失预警型,0.0,权益/不打折,2184
1169,-5.317,2,高价值稳定型2,0.0,权益/不打折,2185
2473,-5.336,2,生鲜高频型,0.0,权益/不打折,2186
1049,-5.347,15,生鲜高频型,0.067,权益/不打折,2187
1804,-5.347,3,促销敏感型2,0.0,权益/不打折,2188
1745,-5.369,3,促销敏感型2,0.0,权益/不打折,2189
1886,-5.377,2,促销敏感型2,0.0,权益/不打折,2190
1034,-5.379,3,流失预警型,0.0,权益/不打折,2191
1750,-5.395,2,促销敏感型,0.5,权益/不打折,2192
2471,-5.429,4,促销敏感型2,0.0,权益/不打折,2193
0735,-5.437,5,促销敏感型,0.0,权益/不打折,2194
0324,-5.459,2,流失预警型,0.0,权益/不打折,2195
1396,-5.485,6,流失预警型,0.0,权益/不打折,2196
0467,-5.516,4,流失预警型,0.25,权益/不打折,2197
1405,-5.525,3,类目集中型,0.333,权益/不打折,2198
1542,-5.528,8,高价值稳定型2,0.375,权益/不打折,2199
2093,-5.535,2,促销敏感型,0.0,权益/不打折,2200
2293,-5.55,13,高价值稳定型2,0.0,权益/不打折,2201
2276,-5.566,2,促销敏感型2,0.0,权益/不打折,2202
2585,-5.573,5,生鲜高频型,0.0,权益/不打折,2203
0033,-5.579,9,高价值稳定型2,0.0,权益/不打折,2204
2215,-5.587,2,促销敏感型2,0.0,权益/不打折,2205
2446,-5.59,6,类目集中型,0.0,权益/不打折,2206
0992,-5.592,5,类目集中型,0.2,权益/不打折,2207
2077,-5.626,2,类目集中型,0.0,权益/不打折,2208
2282,-5.652,3,高价值稳定型2,0.0,权益/不打折,2209
1394,-5.667,2,促销敏感型2,0.0,权益/不打折,2210
2140,-5.673,2,促销敏感型2,0.5,权益/不打折,2211
1312,-5.681,2,流失预警型,0.0,权益/不打折,2212
0641,-5.7,2,流失预警型,0.0,权益/不打折,2213
0262,-5.726,5,流失预警型,0.0,权益/不打折,2214
0206,-5.747,3,促销敏感型2,0.0,权益/不打折,2215
1552,-5.754,2,促销敏感型2,0.0,权益/不打折,2216
1391,-5.774,6,高价值稳定型,0.0,权益/不打折,2217
0111,-5.787,8,生鲜高频型,0.0,权益/不打折,2218
0462,-5.799,3,促销敏感型2,0.0,权益/不打折,2219
1982,-5.802,5,生鲜高频型,0.0,权益/不打折,2220
2432,-5.809,2,促销敏感型2,0.0,权益/不打折,2221
1920,-5.82,1,生鲜高频型,0.0,权益/不打折,2222
1940,-5.824,2,促销敏感型,0.5,权益/不打折,2223
1771,-5.837,1,促销敏感型,0.0,权益/不打折,2224
1511,-5.856,4,流失预警型,0.75,权益/不打折,2225
2448,-5.882,2,促销敏感型2,0.0,权益/不打折,2226
0707,-5.892,1,促销敏感型2,0.0,权益/不打折,2227
2506,-5.938,1,生鲜高频型,0.0,权益/不打折,2228
0194,-5.953,3,生鲜高频型,0.0,权益/不打折,2229
1768,-5.972,4,生鲜高频型,0.0,权益/不打折,2230
2035,-5.994,2,促销敏感型2,0.0,权益/不打折,2231
1655,-6.031,6,生鲜高频型,0.0,权益/不打折,2232
1095,-6.081,3,类目集中型,0.0,权益/不打折,2233
0243,-6.083,4,高价值稳定型2,0.0,权益/不打折,2234
2397,-6.12,6,高价值稳定型2,0.167,权益/不打折,2235
2278,-6.143,2,促销敏感型2,0.0,权益/不打折,2236
0663,-6.15,3,促销敏感型,0.0,权益/不打折,2237
1807,-6.188,5,促销敏感型2,0.0,权益/不打折,2238
1656,-6.205,4,高价值稳定型2,0.0,权益/不打折,2239
0941,-6.213,6,促销敏感型,0.167,权益/不打折,2240
1143,-6.217,2,流失预警型,0.0,权益/不打折,2241
2253,-6.221,3,类目集中型,0.0,权益/不打折,2242
0456,-6.231,2,促销敏感型2,0.5,权益/不打折,2243
1822,-6.243,3,类目集中型,0.0,权益/不打折,2244
2034,-6.271,6,生鲜高频型,0.0,权益/不打折,2245
2014,-6.278,3,促销敏感型,0.0,权益/不打折,2246
1108,-6.291,1,类目集中型,0.0,权益/不打折,2247
2182,-6.297,1,生鲜高频型,0.0,权益/不打折,2248
2052,-6.334,4,生鲜高频型,0.0,权益/不打折,2249
0813,-6.381,1,生鲜高频型,0.0,权益/不打折,2250
0793,-6.412,3,生鲜高频型,0.0,权益/不打折,2251
2220,-6.418,2,生鲜高频型,0.0,权益/不打折,2252
2515,-6.42,1,促销敏感型2,0.0,权益/不打折,2253
2400,-6.427,2,促销敏感型2,0.0,权益/不打折,2254
1814,-6.451,3,促销敏感型2,0.0,权益/不打折,2255
2569,-6.46,2,促销敏感型,0.0,权益/不打折,2256
1111,-6.465,2,生鲜高频型,0.0,权益/不打折,2257
1675,-6.487,2,促销敏感型,0.0,权益/不打折,2258
1729,-6.504,3,类目集中型,0.0,权益/不打折,2259
0798,-6.518,1,生鲜高频型,0.0,权益/不打折,2260
1443,-6.533,3,流失预警型,0.0,权益/不打折,2261
0099,-6.549,14,高价值稳定型2,0.143,权益/不打折,2262
1414,-6.549,2,促销敏感型2,0.0,权益/不打折,2263
2009,-6.643,2,促销敏感型,0.0,权益/不打折,2264
1992,-6.65,3,高价值稳定型2,0.0,权益/不打折,2265
0097,-6.715,3,类目集中型,0.0,权益/不打折,2266
2141,-6.734,2,类目集中型,0.0,权益/不打折,2267
2136,-6.734,2,类目集中型,0.0,权益/不打折,2268
1837,-6.796,2,类目集中型,0.0,权益/不打折,2269
0839,-6.798,38,高价值稳定型,0.395,权益/不打折,2270
2243,-6.804,3,类目集中型,0.0,权益/不打折,2271
2168,-6.824,9,高价值稳定型2,0.111,权益/不打折,2272
0880,-6.839,7,促销敏感型2,0.0,权益/不打折,2273
1503,-6.862,7,促销敏感型2,1.0,权益/不打折,2274
2422,-6.875,5,高价值稳定型2,0.0,权益/不打折,2275
1021,-6.891,4,类目集中型,0.0,权益/不打折,2276
2450,-6.898,4,生鲜高频型,0.0,权益/不打折,2277
1151,-6.905,4,促销敏感型2,0.0,权益/不打折,2278
0015,-6.91,17,高价值稳定型2,0.059,权益/不打折,2279
2069,-6.912,2,类目集中型,0.0,权益/不打折,2280
1997,-6.965,1,流失预警型,0.0,权益/不打折,2281
1267,-6.984,1,类目集中型,0.0,权益/不打折,2282
1348,-7.097,2,促销敏感型2,0.0,权益/不打折,2283
0350,-7.099,17,高价值稳定型2,0.059,权益/不打折,2284
2443,-7.116,1,流失预警型,0.0,权益/不打折,2285
2512,-7.116,1,流失预警型,0.0,权益/不打折,2286
1147,-7.143,3,生鲜高频型,0.0,权益/不打折,2287
0495,-7.176,5,生鲜高频型,0.0,权益/不打折,2288
0161,-7.185,3,类目集中型,0.0,权益/不打折,2289
1437,-7.229,2,促销敏感型,0.0,权益/不打折,2290
0170,-7.23,1,流失预警型,0.0,权益/不打折,2291
1680,-7.234,7,高价值稳定型2,0.0,权益/不打折,2292
1947,-7.239,4,类目集中型,0.0,权益/不打折,2293
0685,-7.257,2,促销敏感型,0.0,权益/不打折,2294
0391,-7.295,4,促销敏感型2,0.0,权益/不打折,2295
1440,-7.299,3,促销敏感型2,0.0,权益/不打折,2296
2177,-7.321,2,生鲜高频型,0.0,权益/不打折,2297
1264,-7.349,12,流失预警型,0.083,权益/不打折,2298
0100,-7.367,2,生鲜高频型,0.0,权益/不打折,2299
2322,-7.378,2,促销敏感型,0.0,权益/不打折,2300
2016,-7.382,4,生鲜高频型,0.0,权益/不打折,2301
1416,-7.4,1,类目集中型,0.0,权益/不打折,2302
1182,-7.415,1,流失预警型,0.0,权益/不打折,2303
2466,-7.426,2,促销敏感型2,0.0,权益/不打折,2304
2260,-7.444,4,高价值稳定型2,0.0,权益/不打折,2305
0173,-7.498,8,高价值稳定型2,0.125,权益/不打折,2306
1789,-7.532,5,流失预警型,0.6,权益/不打折,2307
0540,-7.54,2,促销敏感型2,0.0,权益/不打折,2308
2540,-7.542,3,类目集中型,0.0,权益/不打折,2309
1737,-7.551,9,高价值稳定型2,0.444,权益/不打折,2310
1363,-7.557,20,高价值稳定型,0.5,权益/不打折,2311
2573,-7.58,2,促销敏感型,0.0,权益/不打折,2312
1401,-7.597,1,类目集中型,0.0,权益/不打折,2313
1140,-7.604,11,高价值稳定型,0.273,权益/不打折,2314
1330,-7.617,10,高价值稳定型2,0.0,权益/不打折,2315
1527,-7.658,1,促销敏感型2,1.0,权益/不打折,2316
0175,-7.659,4,流失预警型,0.0,权益/不打折,2317
2203,-7.665,3,促销敏感型2,0.0,权益/不打折,2318
1711,-7.675,2,促销敏感型,0.5,权益/不打折,2319
0826,-7.676,6,流失预警型,0.0,权益/不打折,2320
1617,-7.714,1,生鲜高频型,0.0,权益/不打折,2321
2510,-7.714,1,生鲜高频型,0.0,权益/不打折,2322
2365,-7.724,2,促销敏感型2,0.5,权益/不打折,2323
2533,-7.736,18,高价值稳定型2,0.056,权益/不打折,2324
2468,-7.745,2,促销敏感型2,0.0,权益/不打折,2325
0080,-7.754,9,流失预警型,0.0,权益/不打折,2326
1362,-7.802,5,促销敏感型2,0.4,权益/不打折,2327
1862,-7.812,1,促销敏感型2,0.0,权益/不打折,2328
1809,-7.815,2,促销敏感型2,0.0,权益/不打折,2329
2056,-7.825,2,促销敏感型2,0.0,权益/不打折,2330
0718,-7.886,27,高价值稳定型,0.037,权益/不打折,2331
1458,-7.892,3,促销敏感型2,0.0,权益/不打折,2332
0486,-7.9,4,高价值稳定型2,0.0,权益/不打折,2333
0583,-7.942,1,促销敏感型2,0.0,权益/不打折,2334
2382,-7.978,1,促销敏感型2,0.0,权益/不打折,2335
0580,-7.997,2,流失预警型,0.0,权益/不打折,2336
0282,-8.013,2,促销敏感型2,0.0,权益/不打折,2337
0136,-8.035,6,高价值稳定型,0.0,权益/不打折,2338
1794,-8.036,11,高价值稳定型2,0.0,权益/不打折,2339
1487,-8.072,4,高价值稳定型2,0.0,权益/不打折,2340
1864,-8.108,3,高价值稳定型2,0.333,权益/不打折,2341
2269,-8.134,4,促销敏感型2,0.0,权益/不打折,2342
0724,-8.14,6,高价值稳定型2,0.0,权益/不打折,2343
2470,-8.144,2,类目集中型,0.0,权益/不打折,2344
0830,-8.205,2,促销敏感型2,0.0,权益/不打折,2345
1208,-8.26,1,促销敏感型,0.0,权益/不打折,2346
0701,-8.276,2,促销敏感型2,0.5,权益/不打折,2347
1847,-8.279,1,促销敏感型,0.0,权益/不打折,2348
0652,-8.308,2,类目集中型,0.0,权益/不打折,2349
2213,-8.359,3,类目集中型,0.0,权益/不打折,2350
2122,-8.379,4,促销敏感型,0.0,权益/不打折,2351
1243,-8.391,26,高价值稳定型,0.154,权益/不打折,2352
1498,-8.406,9,促销敏感型2,0.778,权益/不打折,2353
2075,-8.411,3,促销敏感型2,0.0,权益/不打折,2354
0570,-8.424,6,高价值稳定型2,0.333,权益/不打折,2355
1141,-8.425,2,促销敏感型,0.0,权益/不打折,2356
2568,-8.44,2,促销敏感型,0.0,权益/不打折,2357
0165,-8.472,2,生鲜高频型,0.0,权益/不打折,2358
0828,-8.482,2,类目集中型,1.0,权益/不打折,2359
1960,-8.581,1,类目集中型,0.0,权益/不打折,2360
2268,-8.585,4,生鲜高频型,0.0,权益/不打折,2361
0239,-8.614,2,流失预警型,0.0,权益/不打折,2362
0245,-8.632,2,促销敏感型,0.0,权益/不打折,2363
2198,-8.665,2,促销敏感型2,0.5,权益/不打折,2364
1906,-8.691,5,促销敏感型,0.0,权益/不打折,2365
1423,-8.723,5,高价值稳定型2,0.4,权益/不打折,2366
0974,-8.739,2,流失预警型,0.0,权益/不打折,2367
0867,-8.744,13,高价值稳定型,0.0,权益/不打折,2368
1566,-8.764,6,促销敏感型2,0.833,权益/不打折,2369
1781,-8.788,2,促销敏感型,0.0,权益/不打折,2370
1690,-8.807,3,促销敏感型,0.0,权益/不打折,2371
0982,-8.829,5,生鲜高频型,0.0,权益/不打折,2372
2155,-8.854,3,促销敏感型,0.0,权益/不打折,2373
2459,-8.903,2,促销敏感型2,0.0,权益/不打折,2374
2326,-8.926,1,生鲜高频型,0.0,权益/不打折,2375
1741,-8.956,2,促销敏感型2,0.0,权益/不打折,2376
1652,-9.028,2,流失预警型,0.0,权益/不打折,2377
1538,-9.134,3,流失预警型,0.667,权益/不打折,2378
0505,-9.216,2,促销敏感型2,0.0,权益/不打折,2379
0297,-9.235,37,高价值稳定型2,0.108,权益/不打折,2380
1400,-9.343,4,高价值稳定型2,0.0,权益/不打折,2381
1577,-9.414,2,促销敏感型2,0.0,权益/不打折,2382
0748,-9.422,14,高价值稳定型2,0.143,权益/不打折,2383
2458,-9.426,4,类目集中型,0.0,权益/不打折,2384
0989,-9.435,6,促销敏感型,0.167,权益/不打折,2385
1922,-9.437,9,高价值稳定型2,0.0,权益/不打折,2386
1309,-9.509,16,高价值稳定型,0.125,权益/不打折,2387
1025,-9.529,2,流失预警型,0.0,权益/不打折,2388
1802,-9.535,2,促销敏感型,0.0,权益/不打折,2389
1826,-9.545,2,流失预警型,0.0,权益/不打折,2390
1447,-9.796,4,促销敏感型2,0.0,权益/不打折,2391
1093,-9.814,25,高价值稳定型2,0.04,权益/不打折,2392
1706,-9.885,10,生鲜高频型,0.1,权益/不打折,2393
2519,-10.076,2,类目集中型,0.0,权益/不打折,2394
0414,-10.105,2,促销敏感型2,0.0,权益/不打折,2395
0871,-10.125,50,高价值稳定型2,0.12,权益/不打折,2396
1029,-10.143,2,促销敏感型2,0.0,权益/不打折,2397
1250,-10.194,1,生鲜高频型,0.0,权益/不打折,2398
1283,-10.196,2,促销敏感型2,0.0,权益/不打折,2399
2218,-10.206,2,促销敏感型2,0.0,权益/不打折,2400
2135,-10.253,1,流失预警型,0.0,权益/不打折,2401
1625,-10.282,4,促销敏感型2,0.25,权益/不打折,2402
0577,-10.37,3,促销敏感型2,0.0,权益/不打折,2403
2356,-10.418,2,促销敏感型,1.0,权益/不打折,2404
1902,-10.419,2,流失预警型,0.0,权益/不打折,2405
1914,-10.477,2,促销敏感型2,0.0,权益/不打折,2406
0025,-10.483,2,流失预警型,0.0,权益/不打折,2407
0448,-10.527,1,类目集中型,0.0,权益/不打折,2408
2311,-10.555,2,促销敏感型2,0.0,权益/不打折,2409
0926,-10.604,3,生鲜高频型,0.0,权益/不打折,2410
2245,-10.628,1,促销敏感型2,0.0,权益/不打折,2411
1860,-10.655,1,促销敏感型2,0.0,权益/不打折,2412
2104,-10.706,6,高价值稳定型2,0.167,权益/不打折,2413
1005,-10.775,2,促销敏感型2,0.0,权益/不打折,2414
0416,-10.787,5,促销敏感型2,0.0,权益/不打折,2415
0544,-10.816,1,类目集中型,0.0,权益/不打折,2416
0494,-10.834,2,促销敏感型2,0.0,权益/不打折,2417
1772,-10.847,3,生鲜高频型,0.0,权益/不打折,2418
1672,-10.859,1,促销敏感型2,0.0,权益/不打折,2419
1773,-10.897,4,生鲜高频型,0.25,权益/不打折,2420
1148,-10.92,2,促销敏感型,0.0,权益/不打折,2421
1189,-11.06,1,促销敏感型2,0.0,权益/不打折,2422
0427,-11.097,2,生鲜高频型,0.0,权益/不打折,2423
2327,-11.163,1,促销敏感型2,0.0,权益/不打折,2424
2043,-11.225,1,促销敏感型2,0.0,权益/不打折,2425
1857,-11.288,1,类目集中型,0.0,权益/不打折,2426
1027,-11.34,1,促销敏感型2,0.0,权益/不打折,2427
2477,-11.428,2,流失预警型,0.0,权益/不打折,2428
2584,-11.43,1,类目集中型,0.0,权益/不打折,2429
1732,-11.437,2,流失预警型,0.0,权益/不打折,2430
1383,-11.442,3,促销敏感型,0.0,权益/不打折,2431
1051,-11.57,6,类目集中型,0.0,权益/不打折,2432
0841,-11.571,27,高价值稳定型,0.0,权益/不打折,2433
0338,-11.668,3,类目集中型,0.0,权益/不打折,2434
1929,-11.677,3,生鲜高频型,0.0,权益/不打折,2435
2039,-11.706,2,类目集中型,0.0,权益/不打折,2436
2092,-11.79,2,类目集中型,0.0,权益/不打折,2437
2418,-11.823,2,生鲜高频型,0.0,权益/不打折,2438
1059,-11.825,20,高价值稳定型2,0.25,权益/不打折,2439
2144,-12.029,1,促销敏感型,0.0,权益/不打折,2440
2528,-12.029,1,促销敏感型,0.0,权益/不打折,2441
2223,-12.029,1,促销敏感型,0.0,权益/不打折,2442
0703,-12.054,1,促销敏感型,0.0,权益/不打折,2443
2106,-12.055,1,促销敏感型,0.0,权益/不打折,2444
1698,-12.055,1,促销敏感型,0.0,权益/不打折,2445
2116,-12.059,2,促销敏感型2,0.5,权益/不打折,2446
2258,-12.261,10,生鲜高频型,0.0,权益/不打折,2447
2516,-12.266,5,高价值稳定型2,0.0,权益/不打折,2448
0272,-12.295,3,促销敏感型2,0.0,权益/不打折,2449
1832,-12.318,5,高价值稳定型2,0.0,权益/不打折,2450
2120,-12.334,1,促销敏感型2,0.0,权益/不打折,2451
2501,-12.355,1,促销敏感型2,0.0,权益/不打折,2452
2438,-12.356,5,生鲜高频型,0.0,权益/不打折,2453
0890,-12.419,2,促销敏感型2,0.0,权益/不打折,2454
2520,-12.437,2,生鲜高频型,0.0,权益/不打折,2455
2174,-12.444,1,流失预警型,0.0,权益/不打折,2456
0932,-12.457,3,生鲜高频型,0.0,权益/不打折,2457
2158,-12.545,5,高价值稳定型2,0.2,权益/不打折,2458
2384,-12.549,1,类目集中型,0.0,权益/不打折,2459
2577,-12.659,2,促销敏感型2,0.0,权益/不打折,2460
1284,-12.693,3,促销敏感型2,0.0,权益/不打折,2461
0410,-12.729,2,生鲜高频型,0.0,权益/不打折,2462
1152,-12.786,5,促销敏感型2,0.4,权益/不打折,2463
2242,-12.792,2,促销敏感型2,0.5,权益/不打折,2464
1723,-12.814,4,生鲜高频型,0.0,权益/不打折,2465
0513,-12.891,11,高价值稳定型2,0.455,权益/不打折,2466
1494,-12.976,2,流失预警型,0.0,权益/不打折,2467
0653,-12.998,1,流失预警型,0.0,权益/不打折,2468
1989,-13.039,29,高价值稳定型,0.069,权益/不打折,2469
0889,-13.112,10,促销敏感型,0.4,权益/不打折,2470
0674,-13.187,2,促销敏感型2,0.5,权益/不打折,2471
2559,-13.257,1,生鲜高频型,0.0,权益/不打折,2472
0555,-13.283,2,类目集中型,0.0,权益/不打折,2473
2421,-13.361,1,类目集中型,0.0,权益/不打折,2474
0500,-13.426,4,类目集中型,0.5,权益/不打折,2475
2195,-13.459,1,生鲜高频型,0.0,权益/不打折,2476
2248,-13.487,12,高价值稳定型2,0.0,权益/不打折,2477
1585,-13.548,4,高价值稳定型2,0.0,权益/不打折,2478
1116,-13.789,4,促销敏感型2,0.0,权益/不打折,2479
1543,-13.791,5,促销敏感型2,0.2,权益/不打折,2480
1488,-13.866,2,促销敏感型,0.5,权益/不打折,2481
0746,-13.904,24,流失预警型,0.25,权益/不打折,2482
1895,-14.011,2,促销敏感型2,0.0,权益/不打折,2483
1124,-14.031,7,促销敏感型2,0.857,权益/不打折,2484
1628,-14.076,7,促销敏感型2,0.714,权益/不打折,2485
1682,-14.084,2,促销敏感型2,0.0,权益/不打折,2486
2263,-14.205,5,高价值稳定型2,0.0,权益/不打折,2487
0290,-14.36,3,促销敏感型2,0.333,权益/不打折,2488
1193,-14.467,1,促销敏感型,0.0,权益/不打折,2489
1648,-14.489,5,高价值稳定型2,0.2,权益/不打折,2490
2513,-14.653,3,高价值稳定型2,0.333,权益/不打折,2491
2289,-14.691,1,促销敏感型,0.0,权益/不打折,2492
0312,-14.783,3,流失预警型,1.0,权益/不打折,2493
1892,-14.821,4,生鲜高频型,0.0,权益/不打折,2494
0981,-14.824,1,生鲜高频型,0.0,权益/不打折,2495
0905,-14.904,9,生鲜高频型,0.111,权益/不打折,2496
1006,-15.072,1,促销敏感型2,0.0,权益/不打折,2497
1571,-15.22,24,高价值稳定型,0.167,权益/不打折,2498
2127,-15.3,3,类目集中型,0.667,权益/不打折,2499
1547,-15.312,2,类目集中型,0.5,权益/不打折,2500
0399,-15.449,4,生鲜高频型,0.0,权益/不打折,2501
2480,-15.526,2,促销敏感型2,0.5,权益/不打折,2502
0794,-15.584,4,促销敏感型2,0.0,权益/不打折,2503
2217,-15.708,3,生鲜高频型,0.0,权益/不打折,2504
1934,-15.77,3,生鲜高频型,0.0,权益/不打折,2505
0377,-16.118,30,高价值稳定型,0.1,权益/不打折,2506
0655,-16.204,1,促销敏感型,0.0,权益/不打折,2507
1297,-16.255,3,生鲜高频型,0.0,权益/不打折,2508
1426,-16.483,3,生鲜高频型,0.0,权益/不打折,2509
1691,-16.535,15,高价值稳定型2,0.067,权益/不打折,2510
0329,-16.563,12,高价值稳定型2,0.0,权益/不打折,2511
2560,-17.077,9,促销敏感型2,0.111,权益/不打折,2512
1695,-17.24,5,类目集中型,0.2,权益/不打折,2513
2147,-17.271,1,促销敏感型2,0.0,权益/不打折,2514
1977,-17.293,4,高价值稳定型2,0.0,权益/不打折,2515
1944,-17.344,1,流失预警型,0.0,权益/不打折,2516
2161,-17.443,1,类目集中型,0.0,权益/不打折,2517
1534,-17.487,4,流失预警型,0.75,权益/不打折,2518
0413,-17.648,1,流失预警型,0.0,权益/不打折,2519
0536,-17.747,1,促销敏感型2,0.0,权益/不打折,2520
1600,-17.853,6,高价值稳定型2,0.0,权益/不打折,2521
0159,-18.022,15,高价值稳定型,0.267,权益/不打折,2522
2059,-18.303,1,流失预警型,0.0,权益/不打折,2523
1381,-18.32,5,高价值稳定型2,0.0,权益/不打折,2524
1319,-18.384,2,促销敏感型2,0.0,权益/不打折,2525
2124,-18.391,3,生鲜高频型,0.0,权益/不打折,2526
1526,-18.411,1,促销敏感型2,0.0,权益/不打折,2527
1445,-18.452,3,高价值稳定型2,0.0,权益/不打折,2528
0172,-18.741,26,高价值稳定型,0.385,权益/不打折,2529
2304,-18.878,6,高价值稳定型2,0.333,权益/不打折,2530
2237,-18.887,5,高价值稳定型2,0.0,权益/不打折,2531
2402,-18.897,2,类目集中型,0.0,权益/不打折,2532
1659,-19.196,2,高价值稳定型2,0.0,权益/不打折,2533
2461,-19.732,3,高价值稳定型2,0.0,权益/不打折,2534
1062,-19.788,4,促销敏感型2,0.0,权益/不打折,2535
0946,-19.807,1,生鲜高频型,0.0,权益/不打折,2536
1736,-20.051,1,促销敏感型,0.0,权益/不打折,2537
2273,-20.277,1,流失预警型,0.0,权益/不打折,2538
1376,-20.744,5,流失预警型,0.6,权益/不打折,2539
2246,-20.76,1,促销敏感型,0.0,权益/不打折,2540
2543,-21.12,1,促销敏感型2,0.0,权益/不打折,2541
1763,-21.484,2,促销敏感型2,0.5,权益/不打折,2542
2132,-21.645,1,生鲜高频型,0.0,权益/不打折,2543
1714,-21.938,1,促销敏感型2,0.0,权益/不打折,2544
1390,-21.994,2,促销敏感型2,0.5,权益/不打折,2545
2561,-22.26,1,促销敏感型2,0.0,权益/不打折,2546
1667,-22.261,1,促销敏感型,0.0,权益/不打折,2547
2038,-22.394,1,促销敏感型2,0.0,权益/不打折,2548
0699,-22.4,1,促销敏感型,0.0,权益/不打折,2549
1118,-22.423,4,流失预警型,0.25,权益/不打折,2550
2576,-22.966,4,高价值稳定型2,0.25,权益/不打折,2551
2323,-23.771,3,促销敏感型2,0.667,权益/不打折,2552
1412,-24.435,2,流失预警型,0.0,权益/不打折,2553
0919,-24.606,5,促销敏感型2,0.6,权益/不打折,2554
1636,-24.94,2,促销敏感型2,0.0,权益/不打折,2555
1985,-26.071,1,促销敏感型2,0.0,权益/不打折,2556
1044,-26.454,6,生鲜高频型,0.167,权益/不打折,2557
2204,-26.742,3,高价值稳定型2,0.0,权益/不打折,2558
1245,-26.78,2,高价值稳定型2,0.0,权益/不打折,2559
2562,-27.429,3,促销敏感型2,0.0,权益/不打折,2560
1599,-28.654,3,促销敏感型2,0.667,权益/不打折,2561
2119,-28.814,2,促销敏感型2,0.5,权益/不打折,2562
2536,-29.097,2,促销敏感型2,0.5,权益/不打折,2563
1023,-29.617,2,促销敏感型2,0.5,权益/不打折,2564
1076,-30.168,2,促销敏感型2,0.0,权益/不打折,2565
1372,-30.922,8,高价值稳定型,0.125,权益/不打折,2566
1548,-31.649,6,高价值稳定型2,0.167,权益/不打折,2567
0496,-31.882,4,高价值稳定型2,0.5,权益/不打折,2568
2121,-32.524,1,促销敏感型2,0.0,权益/不打折,2569
0654,-32.946,6,高价值稳定型2,0.333,权益/不打折,2570
2600,-33.006,1,促销敏感型2,0.0,权益/不打折,2571
0340,-33.113,1,促销敏感型2,0.0,权益/不打折,2572
2522,-33.153,5,高价值稳定型2,0.0,权益/不打折,2573
1489,-33.293,8,高价值稳定型2,0.125,权益/不打折,2574
2031,-34.572,2,促销敏感型2,0.0,权益/不打折,2575
2596,-34.927,1,促销敏感型2,1.0,权益/不打折,2576
0690,-35.147,3,促销敏感型2,0.333,权益/不打折,2577
1614,-37.388,11,高价值稳定型2,0.364,权益/不打折,2578
1490,-37.735,5,高价值稳定型2,0.2,权益/不打折,2579
0567,-38.033,1,类目集中型,0.0,权益/不打折,2580
0705,-39.763,1,促销敏感型2,0.0,权益/不打折,2581
1624,-40.371,1,促销敏感型2,1.0,权益/不打折,2582
2372,-41.518,10,促销敏感型,0.7,权益/不打折,2583
1806,-42.101,4,高价值稳定型2,0.25,权益/不打折,2584
2472,-42.809,1,类目集中型,0.0,权益/不打折,2585
1550,-43.04,1,促销敏感型,0.0,权益/不打折,2586
1589,-44.696,1,促销敏感型2,0.0,权益/不打折,2587
1713,-44.696,1,促销敏感型2,0.0,权益/不打折,2588
1428,-45.357,3,促销敏感型2,0.333,权益/不打折,2589
1415,-47.078,1,促销敏感型2,0.0,权益/不打折,2590
1529,-47.857,6,流失预警型,0.833,权益/不打折,2591
1514,-48.14,2,生鲜高频型,0.0,权益/不打折,2592
2454,-50.941,1,高价值稳定型2,0.0,权益/不打折,2593
1590,-52.851,2,促销敏感型2,0.0,权益/不打折,2594
1541,-53.14,6,高价值稳定型2,0.5,权益/不打折,2595
1229,-60.05,2,促销敏感型2,0.0,权益/不打折,2596
1968,-71.655,2,生鲜高频型,0.0,权益/不打折,2597
1582,-75.321,4,流失预警型,0.75,权益/不打折,2598
0608,-79.424,7,高价值稳定型2,0.286,权益/不打折,2599
2370,-87.628,1,促销敏感型2,0.0,权益/不打折,2600
2317,-88.501,2,促销敏感型2,0.5,权益/不打折,2601
2082,-95.397,1,促销敏感型2,1.0,权益/不打折,2602
1868,-98.844,3,生鲜高频型,0.0,权益/不打折,2603
0631,-117.455,3,流失预警型,0.0,权益/不打折,2604
0958,-140.35,1,促销敏感型2,0.0,权益/不打折,2605
1385,-141.931,10,流失预警型,0.6,权益/不打折,2606
2393,-153.333,2,生鲜高频型,0.0,权益/不打折,2607
1177,-193.91,30,促销敏感型,0.2,权益/不打折,2608
0541,-214.756,1,流失预警型,1.0,权益/不打折,2609
1685,-277.795,1,促销敏感型2,0.0,权益/不打折,2610
1594,-371.664,3,流失预警型,0.333,权益/不打折,2611
